hoy,value
1,2.4
2,2.4
3,2.4
4,2.3
5,2.5
6,2.3
7,2.4
8,2.4
9,2.3
10,0.8
11,0.2
12,0.3
13,0.2
14,0.3
15,0.3
16,0.7
17,2.5
18,2.3
19,2.3
20,2.4
21,2.3
22,2.4
23,2.5
24,2.4
25,2.3
26,2.4
27,2.4
28,2.3
29,2.4
30,2.4
31,2.3
32,2.4
33,2.4
34,0.7
35,0.3
36,0.4
37,0.4
38,0.4
39,0.4
40,1.8
41,2.3
42,2.4
43,2.3
44,2.4
45,2.3
46,2.4
47,2.4
48,2.3
49,2.4
50,2.3
51,2.4
52,2.4
53,2.4
54,2.4
55,2.4
56,2.4
57,2.3
58,0.2
59,0.3
60,0.3
61,0.3
62,0.2
63,0.3
64,1
65,2.4
66,2.4
67,2.3
68,2.3
69,2.3
70,2.3
71,2.3
72,2.3
73,2.4
74,2.3
75,2.3
76,2.3
77,2.4
78,2.3
79,2.3
80,2.4
81,2.3
82,0.7
83,0.3
84,0.3
85,0.2
86,0.3
87,0.4
88,1.7
89,2.7
90,2.4
91,2.3
92,2.4
93,2.3
94,2.3
95,2.4
96,2.3
97,2.3
98,1.8
99,1.7
100,1.8
101,1.7
102,1.8
103,1.7
104,1.8
105,1.7
106,1.8
107,1.7
108,1.8
109,1.7
110,1.8
111,1.7
112,1.8
113,1.7
114,1.8
115,1.7
116,1.8
117,1.7
118,1.8
119,1.7
120,1.8
121,1.8
122,1.7
123,1.8
124,1.7
125,1.8
126,1.7
127,1.8
128,1.7
129,1.8
130,1.7
131,1.8
132,1.7
133,1.8
134,1.7
135,1.8
136,1.7
137,1.8
138,1.7
139,1.8
140,1.7
141,1.8
142,1.7
143,1.8
144,1.7
145,1.8
146,2.2
147,2.4
148,2.3
149,2.3
150,2.3
151,2.4
152,2.3
153,2.3
154,0.7
155,0.2
156,0.2
157,0.3
158,0.3
159,0.4
160,1.6
161,2.3
162,2.3
163,2.4
164,2.3
165,2.3
166,2.3
167,2.3
168,2.4
169,2.3
170,2.4
171,2.3
172,2.3
173,2.4
174,2.3
175,2.4
176,2.3
177,2.4
178,0.2
179,0.2
180,0.2
181,0.2
182,0.2
183,0.3
184,0.7
185,2.3
186,2.3
187,2.3
188,2.3
189,2.3
190,2.3
191,2.4
192,2.3
193,2.3
194,2.4
195,2.3
196,2.3
197,2.3
198,2.3
199,2.4
200,2.3
201,2.3
202,0.3
203,0.2
204,0.3
205,0.4
206,0.3
207,0.3
208,1.4
209,2.7
210,2.3
211,2.2
212,2.3
213,2.4
214,2.3
215,2.3
216,2.3
217,1.8
218,1.8
219,1.8
220,1.9
221,1.8
222,1.8
223,1.8
224,1.8
225,1.8
226,1.8
227,1.8
228,1.9
229,1.8
230,1.8
231,1.8
232,1.8
233,1.8
234,1.8
235,1.9
236,1.8
237,1.8
238,1.8
239,1.8
240,1.8
241,1.8
242,1.9
243,1.8
244,1.8
245,1.8
246,1.8
247,1.8
248,1.8
249,1.8
250,1.9
251,1.8
252,1.8
253,1.8
254,0.2
255,0.3
256,0.8
257,3
258,2.4
259,2.3
260,2.3
261,2.3
262,2.3
263,2.3
264,2.3
265,2.3
266,2.4
267,2.3
268,2.3
269,2.4
270,2.3
271,2.3
272,2.3
273,2.3
274,0.3
275,0.8
276,0.9
277,0.6
278,0.6
279,0.5
280,1
281,3
282,2.6
283,2.4
284,2.3
285,2.4
286,2.3
287,2.3
288,2.3
289,2.4
290,2.3
291,2.4
292,2.3
293,2.3
294,2.3
295,2.3
296,2.4
297,2.3
298,0.8
299,0.5
300,0.5
301,0.7
302,0.6
303,0.8
304,1.6
305,3.1
306,2.8
307,3.1
308,2.8
309,2.6
310,2.6
311,2.6
312,2.6
313,2.6
314,2.6
315,2.6
316,2.5
317,2.6
318,2.6
319,2.5
320,2.6
321,2.4
322,0.5
323,0.5
324,0.5
325,0.6
326,0.5
327,0.6
328,1
329,2.5
330,2.6
331,2.6
332,2.5
333,2.6
334,2.6
335,2.5
336,2.6
337,2.6
338,2.6
339,2.6
340,2.6
341,2.6
342,2.6
343,2.6
344,2.6
345,2.5
346,0.4
347,0.6
348,0.9
349,0.6
350,0.8
351,0.9
352,1.3
353,2.6
354,2.6
355,2.5
356,2.6
357,2.5
358,2.6
359,2.6
360,2.6
361,2.6
362,2.6
363,2.6
364,2.6
365,2.6
366,2.6
367,2.6
368,2.5
369,2.4
370,0.5
371,0.4
372,0.4
373,0.3
374,0.4
375,0.4
376,1.2
377,2.5
378,2.5
379,2.4
380,2.4
381,2.4
382,2.5
383,2.4
384,2.5
385,2.4
386,2.5
387,2.4
388,2.4
389,2.5
390,2.4
391,2.4
392,2.4
393,2.4
394,0.6
395,0.4
396,0.4
397,0.3
398,0.4
399,0.4
400,1.2
401,3.1
402,2.4
403,2.4
404,2.4
405,2.3
406,2.4
407,2.4
408,2.4
409,2.4
410,2.4
411,2.4
412,2.4
413,2.4
414,2.3
415,2.4
416,2.4
417,2.3
418,1.8
419,0.4
420,0.4
421,0.6
422,0.8
423,0.9
424,0.7
425,2.5
426,2.4
427,2.3
428,2.4
429,2.3
430,2.4
431,2.4
432,2.4
433,2.4
434,2.4
435,2.4
436,2.4
437,2.4
438,2.4
439,2.4
440,2.6
441,3.7
442,0.8
443,0.6
444,0.6
445,0.5
446,0.7
447,0.5
448,0.7
449,2.9
450,2.8
451,2.5
452,2.6
453,2.5
454,2.5
455,2.6
456,2.5
457,2.5
458,2.6
459,2.6
460,2.5
461,2.5
462,2.6
463,2.5
464,2.6
465,2.5
466,0.7
467,0.6
468,0.5
469,0.4
470,0.5
471,0.5
472,1.3
473,2.9
474,2.3
475,2.4
476,2.4
477,2.4
478,2.3
479,2.4
480,2.3
481,2.3
482,2.4
483,2.4
484,2.3
485,2.3
486,2.4
487,2.4
488,2.3
489,2.2
490,0.3
491,0.4
492,0.3
493,0.4
494,0.3
495,0.4
496,0.4
497,2.4
498,2.3
499,2.3
500,2.4
501,2.3
502,2.4
503,2.3
504,2.4
505,2.3
506,2.3
507,2.4
508,2.3
509,2.4
510,2.3
511,2.4
512,2.3
513,2.1
514,0.3
515,0.3
516,0.3
517,0.4
518,0.3
519,0.5
520,0.7
521,2.6
522,2.5
523,2.5
524,2.5
525,2.5
526,2.5
527,2.5
528,2.5
529,2.6
530,2.5
531,2.6
532,2.5
533,2.6
534,2.5
535,2.5
536,2.6
537,2.4
538,0.6
539,0.5
540,0.6
541,0.7
542,0.8
543,0.6
544,0.7
545,2.8
546,2.6
547,2.5
548,2.5
549,2.5
550,2.7
551,2.5
552,2.6
553,2.5
554,2.5
555,2.5
556,2.6
557,2.5
558,2.5
559,2.5
560,2.5
561,2.5
562,0.5
563,0.8
564,0.9
565,0.6
566,0.5
567,0.5
568,0.7
569,2.7
570,2.6
571,2.5
572,2.5
573,2.5
574,2.5
575,2.5
576,2.5
577,2.6
578,2.5
579,2.6
580,2.5
581,2.5
582,2.5
583,2.6
584,2.5
585,2.4
586,0.5
587,0.8
588,0.9
589,0.5
590,0.5
591,0.6
592,1.5
593,2.8
594,2.8
595,2.7
596,2.6
597,2.7
598,2.7
599,2.7
600,2.7
601,2.7
602,2.7
603,2.8
604,2.7
605,2.7
606,2.7
607,2.7
608,2.7
609,1.9
610,0.6
611,0.7
612,0.8
613,0.8
614,0.7
615,0.7
616,0.8
617,2.4
618,2.8
619,2.7
620,2.7
621,2.7
622,2.8
623,2.7
624,2.7
625,2.7
626,2.8
627,2.7
628,2.8
629,2.7
630,2.8
631,2.7
632,2.8
633,1.9
634,0.7
635,0.7
636,0.7
637,0.8
638,0.7
639,0.7
640,0.9
641,2
642,2.7
643,2.7
644,2.8
645,2.7
646,2.7
647,2.7
648,2.8
649,2.7
650,2.8
651,2.7
652,2.8
653,2.7
654,2.8
655,2.7
656,2.7
657,2.6
658,0.8
659,0.7
660,0.7
661,0.7
662,0.8
663,0.7
664,1
665,2.4
666,2.7
667,2.8
668,2.8
669,2.8
670,2.7
671,2.8
672,2.7
673,2.8
674,2.7
675,2.8
676,2.7
677,2.8
678,2.7
679,2.8
680,2.7
681,1.8
682,0.8
683,0.7
684,0.7
685,0.7
686,0.8
687,0.7
688,0.8
689,2.8
690,2.7
691,2.7
692,2.7
693,2.8
694,2.7
695,2.8
696,2.7
697,2.8
698,2.8
699,2.7
700,2.8
701,2.8
702,2.8
703,2.7
704,2.8
705,1.7
706,0.7
707,0.8
708,0.7
709,0.8
710,0.7
711,0.8
712,0.8
713,1.8
714,2.7
715,2.8
716,2.9
717,2.8
718,2.8
719,2.7
720,2.9
721,2.8
722,2.8
723,2.9
724,2.9
725,2.9
726,2.9
727,2.9
728,3
729,1.4
730,0.5
731,0.5
732,0.5
733,0.5
734,0.5
735,0.5
736,1.1
737,2.7
738,2.9
739,2.8
740,2.9
741,2.7
742,2.7
743,2.9
744,2.7
745,2.7
746,2.7
747,2.8
748,2.7
749,2.7
750,2.8
751,2.7
752,2.8
753,1.5
754,0.7
755,0.7
756,0.7
757,0.8
758,0.7
759,0.7
760,0.9
761,2.8
762,2.7
763,2.7
764,2.7
765,2.8
766,2.7
767,2.8
768,2.7
769,2.7
770,2.8
771,2.7
772,2.8
773,2.7
774,2.7
775,2.7
776,2.8
777,1.3
778,0.7
779,0.7
780,0.8
781,0.6
782,0.8
783,0.8
784,0.7
785,2
786,2.8
787,3
788,2.9
789,2.7
790,2.8
791,2.7
792,2.7
793,2.8
794,2.7
795,2.8
796,2.7
797,2.8
798,2.7
799,2.8
800,2.7
801,2.6
802,0.7
803,0.5
804,0.5
805,0.5
806,0.6
807,0.5
808,0.7
809,1.5
810,2.5
811,2.5
812,2.6
813,2.5
814,2.6
815,2.5
816,2.5
817,2.6
818,2.5
819,2.6
820,2.6
821,2.5
822,2.6
823,2.5
824,2.6
825,0.8
826,0.5
827,0.5
828,0.5
829,0.6
830,0.5
831,0.5
832,0.6
833,1.1
834,2.6
835,2.5
836,2.6
837,2.5
838,2.6
839,2.5
840,2.6
841,2.6
842,2.6
843,2.5
844,2.6
845,2.5
846,2.6
847,2.5
848,2.6
849,1.5
850,0.5
851,0.5
852,0.5
853,0.5
854,0.5
855,0.5
856,0.6
857,2
858,2.5
859,2.6
860,2.5
861,2.5
862,2.6
863,2.5
864,2.6
865,2.5
866,2.6
867,2.5
868,2.6
869,2.6
870,2.5
871,2.6
872,2.6
873,0.7
874,0.5
875,0.6
876,0.6
877,0.6
878,0.7
879,0.7
880,0.8
881,2.2
882,2.8
883,2.5
884,2.7
885,2.8
886,2.6
887,2.5
888,2.5
889,2.6
890,2.5
891,2.5
892,2.6
893,2.5
894,2.5
895,2.5
896,2.5
897,1.4
898,0.7
899,0.6
900,0.6
901,0.7
902,0.5
903,0.6
904,0.7
905,1.5
906,2.6
907,2.8
908,2.5
909,2.4
910,2.5
911,2.5
912,2.5
913,2.5
914,2.5
915,2.4
916,2.5
917,2.5
918,2.5
919,2.5
920,2.5
921,2.5
922,0.5
923,0.5
924,0.5
925,0.5
926,0.6
927,0.5
928,0.8
929,1.8
930,2.7
931,2.9
932,2.5
933,2.6
934,2.5
935,2.6
936,2.5
937,2.5
938,2.6
939,2.5
940,2.6
941,2.5
942,2.6
943,2.5
944,2.6
945,2.6
946,0.6
947,0.6
948,0.5
949,0.5
950,0.5
951,0.5
952,0.5
953,1.5
954,2.6
955,2.5
956,2.6
957,2.6
958,2.6
959,2.5
960,2.5
961,2.5
962,2.5
963,2.5
964,2.4
965,2.5
966,2.5
967,2.5
968,2.5
969,0.5
970,0.5
971,0.5
972,0.5
973,0.6
974,0.5
975,0.5
976,0.8
977,2.5
978,2.5
979,2.5
980,2.6
981,2.5
982,2.5
983,2.5
984,2.5
985,2.4
986,2.5
987,2.5
988,2.5
989,2.5
990,2.5
991,2.5
992,2.3
993,0.5
994,0.5
995,0.6
996,0.5
997,0.5
998,0.5
999,0.7
1000,0.6
1001,1.1
1002,2.6
1003,2.6
1004,2.3
1005,2.2
1006,2.4
1007,2.8
1008,2.6
1009,2.4
1010,2.5
1011,2.5
1012,2.4
1013,2.5
1014,2.4
1015,2.5
1016,2.5
1017,0.6
1018,0.5
1019,0.5
1020,0.5
1021,0.5
1022,0.5
1023,0.5
1024,0.8
1025,0.7
1026,2.7
1027,2.7
1028,2.4
1029,2.6
1030,2.4
1031,2.5
1032,2.5
1033,2.4
1034,2.5
1035,2.5
1036,2.4
1037,2.5
1038,2.5
1039,2.4
1040,2.3
1041,0.5
1042,0.5
1043,0.4
1044,0.5
1045,0.5
1046,0.5
1047,0.5
1048,0.8
1049,0.5
1050,2.2
1051,2.4
1052,2.5
1053,2.5
1054,2.5
1055,2.5
1056,2.5
1057,2.4
1058,2.5
1059,2.4
1060,2.5
1061,2.5
1062,2.4
1063,2.5
1064,2.4
1065,1.4
1066,0.5
1067,0.5
1068,0.5
1069,0.5
1070,0.5
1071,0.5
1072,0.5
1073,2.4
1074,2.6
1075,2.5
1076,2.4
1077,2.4
1078,2.5
1079,2.4
1080,2.5
1081,2.5
1082,2.4
1083,2.5
1084,2.5
1085,2.4
1086,2.5
1087,2.5
1088,2.4
1089,2.4
1090,0.5
1091,0.5
1092,0.5
1093,0.6
1094,0.5
1095,0.4
1096,0.8
1097,1.2
1098,2.6
1099,2.5
1100,2.4
1101,2.5
1102,2.4
1103,2.5
1104,2.5
1105,2.5
1106,2.4
1107,2.5
1108,2.5
1109,2.5
1110,2.4
1111,2.5
1112,2.4
1113,1.8
1114,0.4
1115,0.5
1116,0.5
1117,0.5
1118,0.6
1119,0.6
1120,0.6
1121,0.6
1122,2.8
1123,2.5
1124,2.4
1125,2.5
1126,2.5
1127,2.4
1128,2.4
1129,2.5
1130,2.5
1131,2.4
1132,2.5
1133,2.4
1134,2.5
1135,2.5
1136,2.4
1137,2.3
1138,0.5
1139,0.6
1140,0.5
1141,0.4
1142,0.5
1143,0.5
1144,0.5
1145,2
1146,2.5
1147,2.4
1148,2.5
1149,2.4
1150,2.4
1151,2.5
1152,2.5
1153,2.4
1154,2.5
1155,2.4
1156,2.5
1157,2.5
1158,2.4
1159,2.5
1160,1.9
1161,0.4
1162,0.5
1163,0.5
1164,0.4
1165,0.5
1166,0.5
1167,0.5
1168,0.6
1169,0.5
1170,2
1171,2.4
1172,2.5
1173,2.4
1174,2.5
1175,2.4
1176,2.5
1177,2.4
1178,2.5
1179,2.4
1180,2.5
1181,2.5
1182,2.4
1183,2.5
1184,1.7
1185,0.4
1186,0.5
1187,0.4
1188,0.5
1189,0.6
1190,0.5
1191,0.5
1192,0.5
1193,0.5
1194,2.3
1195,2.5
1196,2.4
1197,2.4
1198,2.5
1199,2.5
1200,2.5
1201,2.4
1202,2.5
1203,2.4
1204,2.5
1205,2.4
1206,2.5
1207,2.4
1208,2.5
1209,2.4
1210,0.5
1211,0.5
1212,0.5
1213,0.6
1214,0.7
1215,0.7
1216,0.8
1217,0.7
1218,2.3
1219,2.5
1220,2.7
1221,2.7
1222,2.7
1223,2.7
1224,2.7
1225,2.4
1226,2.5
1227,2.4
1228,2.5
1229,2.5
1230,2.4
1231,2.5
1232,1.6
1233,0.4
1234,0.5
1235,0.5
1236,0.7
1237,0.5
1238,1.8
1239,2.1
1240,1.1
1241,0.8
1242,2
1243,2.8
1244,2.7
1245,2.7
1246,2.7
1247,2.5
1248,2.6
1249,2.5
1250,2.5
1251,2.5
1252,2.6
1253,2.5
1254,2.5
1255,2.4
1256,1.8
1257,0.5
1258,0.5
1259,0.5
1260,0.6
1261,0.5
1262,0.5
1263,0.5
1264,0.9
1265,0.9
1266,2.5
1267,2.5
1268,2.5
1269,2.6
1270,2.7
1271,2.5
1272,2.5
1273,2.5
1274,2.5
1275,2.5
1276,2.5
1277,2.5
1278,2.5
1279,2.5
1280,2.5
1281,0.7
1282,0.4
1283,0.5
1284,0.5
1285,0.5
1286,0.5
1287,0.5
1288,0.5
1289,0.5
1290,2.9
1291,2.6
1292,2.5
1293,2.5
1294,2.5
1295,2.5
1296,2.5
1297,2.5
1298,2.5
1299,2.5
1300,2.5
1301,2.5
1302,2.5
1303,2.4
1304,2.5
1305,1.4
1306,0.5
1307,0.5
1308,0.5
1309,0.5
1310,0.4
1311,0.7
1312,0.9
1313,0.6
1314,2.3
1315,2.4
1316,2.4
1317,2.3
1318,2.4
1319,2.5
1320,2.5
1321,2.5
1322,2.4
1323,2.5
1324,2.6
1325,2.5
1326,2.5
1327,2.5
1328,1.3
1329,0.5
1330,0.5
1331,0.4
1332,0.5
1333,0.5
1334,0.5
1335,0.6
1336,0.5
1337,0.6
1338,1.5
1339,2.5
1340,2.5
1341,2.5
1342,2.5
1343,2.5
1344,2.5
1345,2.5
1346,2.5
1347,2.4
1348,2.6
1349,2.5
1350,2.5
1351,2.5
1352,1.1
1353,0.5
1354,0.4
1355,0.5
1356,0.6
1357,0.5
1358,0.4
1359,0.5
1360,0.6
1361,0.5
1362,1.5
1363,2.5
1364,2.5
1365,2.5
1366,2.5
1367,2.5
1368,2.5
1369,2.4
1370,2.5
1371,2.5
1372,2.5
1373,2.5
1374,2.5
1375,2.5
1376,1
1377,0.7
1378,0.4
1379,0.5
1380,0.5
1381,0.6
1382,0.6
1383,0.5
1384,0.5
1385,0.5
1386,1.2
1387,2.6
1388,2.7
1389,2.6
1390,2.5
1391,2.5
1392,2.5
1393,2.5
1394,2.5
1395,2.5
1396,2.5
1397,2.5
1398,2.5
1399,2.5
1400,0.9
1401,0.5
1402,0.6
1403,0.5
1404,0.5
1405,0.4
1406,0.6
1407,0.5
1408,0.9
1409,0.5
1410,1.3
1411,2.7
1412,2.8
1413,2.6
1414,2.7
1415,2.5
1416,2.5
1417,2.6
1418,2.5
1419,2.5
1420,2.5
1421,2.6
1422,2.5
1423,2.5
1424,1
1425,0.5
1426,0.5
1427,0.5
1428,0.4
1429,0.5
1430,0.5
1431,0.6
1432,0.5
1433,0.7
1434,1.2
1435,2.5
1436,2.5
1437,2.5
1438,2.5
1439,2.4
1440,2.5
1441,2.5
1442,2.5
1443,2.5
1444,2.5
1445,2.5
1446,2.5
1447,2.5
1448,0.7
1449,0.6
1450,0.5
1451,0.5
1452,0.6
1453,0.6
1454,0.4
1455,0.5
1456,0.6
1457,0.8
1458,1
1459,2.5
1460,2.5
1461,2.5
1462,2.5
1463,2.4
1464,2.5
1465,2.5
1466,2.5
1467,2.5
1468,2.5
1469,2.5
1470,2.5
1471,2.4
1472,1.1
1473,0.4
1474,0.5
1475,0.5
1476,0.5
1477,0.4
1478,0.6
1479,0.5
1480,0.8
1481,0.5
1482,1.3
1483,2.5
1484,2.5
1485,2.5
1486,2.5
1487,2.5
1488,2.5
1489,2.5
1490,2.5
1491,2.5
1492,2.5
1493,2.5
1494,2.4
1495,2.5
1496,0.6
1497,0.5
1498,0.4
1499,0.5
1500,0.4
1501,0.5
1502,0.5
1503,0.5
1504,0.5
1505,0.5
1506,1
1507,2.6
1508,2.4
1509,2.5
1510,2.5
1511,2.5
1512,2.6
1513,2.5
1514,2.5
1515,2.5
1516,2.5
1517,2.5
1518,2.6
1519,2.5
1520,0.5
1521,0.5
1522,0.4
1523,0.5
1524,0.4
1525,0.5
1526,0.8
1527,0.7
1528,0.7
1529,0.7
1530,1
1531,2.5
1532,2.5
1533,2.5
1534,2.6
1535,2.5
1536,2.5
1537,2.5
1538,2.5
1539,2.5
1540,2.5
1541,2.6
1542,2.5
1543,2.5
1544,0.6
1545,0.5
1546,0.4
1547,0.5
1548,0.5
1549,0.6
1550,0.5
1551,0.5
1552,0.7
1553,0.5
1554,0.9
1555,2.5
1556,2.4
1557,2.5
1558,2.4
1559,2.5
1560,2.5
1561,2.5
1562,2.5
1563,2.5
1564,2.5
1565,2.6
1566,2.5
1567,2.5
1568,1.3
1569,0.5
1570,0.4
1571,0.5
1572,0.5
1573,0.5
1574,0.5
1575,0.4
1576,0.5
1577,0.6
1578,1.4
1579,2.5
1580,2.5
1581,2.5
1582,2.5
1583,2.4
1584,2.5
1585,2.6
1586,2.5
1587,2.5
1588,2.5
1589,2.5
1590,2.4
1591,2.2
1592,0.5
1593,0.4
1594,0.5
1595,0.5
1596,0.5
1597,0.5
1598,0.5
1599,0.5
1600,0.7
1601,0.5
1602,0.5
1603,2.5
1604,2.5
1605,2.5
1606,2.5
1607,2.5
1608,2.5
1609,2.5
1610,2.5
1611,2.5
1612,2.5
1613,2.4
1614,2.5
1615,2
1616,0.5
1617,0.5
1618,0.5
1619,0.4
1620,0.6
1621,0.5
1622,0.6
1623,0.5
1624,0.4
1625,0.5
1626,0.8
1627,2.4
1628,2.4
1629,2.5
1630,2.5
1631,2.4
1632,2.5
1633,2.4
1634,2.5
1635,2.4
1636,2.5
1637,2.4
1638,2.5
1639,1.9
1640,0.5
1641,0.4
1642,0.5
1643,0.5
1644,0.5
1645,0.5
1646,0.5
1647,0.5
1648,0.6
1649,0.5
1650,0.7
1651,2.4
1652,2.4
1653,2.4
1654,2.5
1655,2.4
1656,2.5
1657,2.4
1658,2.5
1659,2.4
1660,2.4
1661,2.5
1662,2.4
1663,1.8
1664,0.5
1665,0.4
1666,0.5
1667,0.5
1668,0.4
1669,0.5
1670,0.5
1671,0.5
1672,0.5
1673,0.5
1674,0.4
1675,2.3
1676,2.5
1677,2.4
1678,2.5
1679,2.4
1680,2.4
1681,2.4
1682,2.5
1683,2.4
1684,2.4
1685,2.5
1686,2.4
1687,1.6
1688,0.4
1689,0.5
1690,0.4
1691,0.5
1692,0.5
1693,0.5
1694,0.5
1695,0.4
1696,0.5
1697,0.5
1698,0.6
1699,2.5
1700,2.4
1701,2.4
1702,2.4
1703,2.4
1704,2.4
1705,2.4
1706,2.4
1707,2.4
1708,2.5
1709,2.4
1710,2.5
1711,2.4
1712,0.5
1713,0.5
1714,0.6
1715,0.6
1716,0.6
1717,1
1718,0.7
1719,0.7
1720,0.6
1721,0.6
1722,1.7
1723,2.6
1724,2.6
1725,2.6
1726,2.3
1727,2.2
1728,2.4
1729,2.4
1730,2.5
1731,2.4
1732,2.4
1733,2.2
1734,2.3
1735,2.3
1736,0.5
1737,0.2
1738,0.3
1739,0.3
1740,0.3
1741,0.3
1742,0.3
1743,0.6
1744,0.5
1745,0.5
1746,0.4
1747,2.2
1748,2.7
1749,2.6
1750,2.9
1751,2.6
1752,2.7
1753,2.5
1754,2.3
1755,2.3
1756,2.3
1757,2.3
1758,2.3
1759,1.5
1760,0.3
1761,0.3
1762,0.4
1763,0.4
1764,0.3
1765,0.5
1766,0.5
1767,0.6
1768,0.7
1769,0.5
1770,0.5
1771,2.1
1772,2.5
1773,2.8
1774,2.7
1775,2.6
1776,2.4
1777,2.5
1778,2.3
1779,2.3
1780,2.3
1781,2.3
1782,2.3
1783,1.3
1784,0.3
1785,0.3
1786,0.5
1787,0.6
1788,0.7
1789,0.5
1790,0.5
1791,0.3
1792,0.3
1793,0.4
1794,0.8
1795,2.3
1796,2.4
1797,2.5
1798,2.9
1799,2.5
1800,2.4
1801,2.5
1802,2.4
1803,2.5
1804,2.4
1805,2.2
1806,2.3
1807,2.1
1808,0.4
1809,0.4
1810,0.9
1811,0.9
1812,0.9
1813,0.7
1814,0.5
1815,0.5
1816,0.8
1817,0.5
1818,1.7
1819,2.5
1820,2.4
1821,2.4
1822,2.5
1823,2.4
1824,2.4
1825,2.4
1826,2.5
1827,2.4
1828,2.4
1829,2.5
1830,2.4
1831,2.4
1832,2.4
1833,0.4
1834,0.5
1835,0.5
1836,0.4
1837,0.5
1838,0.5
1839,0.5
1840,0.5
1841,0.5
1842,0.6
1843,2.3
1844,2.4
1845,2.4
1846,2.5
1847,2.4
1848,2.4
1849,2.4
1850,2.4
1851,2.4
1852,2.5
1853,2.4
1854,2.4
1855,2
1856,0.5
1857,0.4
1858,0.5
1859,0.5
1860,0.4
1861,0.5
1862,0.5
1863,0.4
1864,0.6
1865,0.4
1866,2
1867,2.3
1868,2.6
1869,2.6
1870,2.5
1871,2.4
1872,2.4
1873,2.4
1874,2.4
1875,2.5
1876,2.4
1877,2.4
1878,2.4
1879,2.5
1880,1.5
1881,0.5
1882,0.4
1883,0.5
1884,0.5
1885,0.5
1886,0.5
1887,0.6
1888,0.5
1889,0.6
1890,0.8
1891,2.3
1892,2.3
1893,2.4
1894,2.5
1895,2.3
1896,2.5
1897,2.4
1898,2.4
1899,2.5
1900,2.4
1901,2.4
1902,2.4
1903,2.3
1904,0.5
1905,0.8
1906,0.6
1907,0.7
1908,0.7
1909,0.7
1910,0.5
1911,0.8
1912,0.7
1913,0.7
1914,1.4
1915,2.5
1916,2.5
1917,2.4
1918,2.4
1919,2.4
1920,2.5
1921,2.4
1922,2.4
1923,2.4
1924,2.5
1925,2.4
1926,2.4
1927,2
1928,0.6
1929,0.7
1930,0.6
1931,0.6
1932,0.7
1933,0.7
1934,0.5
1935,0.4
1936,0.5
1937,0.9
1938,1.3
1939,2.3
1940,3
1941,2.8
1942,2.7
1943,2.5
1944,2.4
1945,2.3
1946,2.3
1947,2.3
1948,2.3
1949,2.3
1950,2.3
1951,1.6
1952,0.4
1953,0.3
1954,0.4
1955,0.7
1956,0.6
1957,0.6
1958,0.5
1959,0.4
1960,0.4
1961,0.3
1962,1
1963,1.6
1964,2.4
1965,2.4
1966,2.6
1967,2.5
1968,2.5
1969,2.5
1970,2.3
1971,2.3
1972,2.3
1973,2.3
1974,2.3
1975,2.3
1976,0.7
1977,0.4
1978,0.4
1979,0.3
1980,0.4
1981,0.4
1982,0.4
1983,0.4
1984,0.5
1985,0.3
1986,0.4
1987,2.2
1988,2.3
1989,2.3
1990,2.3
1991,2.3
1992,2.4
1993,2.3
1994,2.3
1995,2.3
1996,2.3
1997,2.3
1998,2.3
1999,2.3
2000,0.5
2001,0.3
2002,0.3
2003,0.4
2004,0.4
2005,0.3
2006,0.4
2007,0.4
2008,0.3
2009,0.4
2010,0.3
2011,1.7
2012,2.3
2013,2.3
2014,2.3
2015,2.3
2016,2.4
2017,2.3
2018,2.3
2019,2.3
2020,2.3
2021,2.3
2022,2.3
2023,2.1
2024,0.3
2025,0.3
2026,0.4
2027,0.3
2028,0.4
2029,0.4
2030,0.4
2031,0.3
2032,0.4
2033,0.5
2034,0.7
2035,2.3
2036,2.3
2037,2.3
2038,2.3
2039,2.3
2040,2.4
2041,2.3
2042,2.3
2043,2.3
2044,2.3
2045,2.4
2046,2.3
2047,0.3
2048,0.4
2049,0.3
2050,0.5
2051,0.8
2052,0.4
2053,0.4
2054,0.5
2055,0.9
2056,0.8
2057,0.9
2058,0.8
2059,1.5
2060,2.7
2061,2.4
2062,2.5
2063,2.4
2064,2.4
2065,2.5
2066,2.4
2067,2.5
2068,2.4
2069,2.5
2070,2.3
2071,0.5
2072,0.5
2073,0.5
2074,0.5
2075,0.5
2076,0.5
2077,0.5
2078,0.7
2079,0.6
2080,0.5
2081,0.6
2082,0.9
2083,1.5
2084,2.7
2085,2.4
2086,2.4
2087,2.4
2088,2.5
2089,2.4
2090,2.4
2091,2.5
2092,2.5
2093,2.4
2094,2.4
2095,2.6
2096,1.2
2097,0.4
2098,0.5
2099,0.5
2100,0.5
2101,0.5
2102,0.5
2103,0.4
2104,0.5
2105,0.5
2106,0.6
2107,1.9
2108,2.5
2109,2.4
2110,2.4
2111,2.5
2112,2.4
2113,2.4
2114,2.5
2115,2.4
2116,2.5
2117,2.4
2118,2.4
2119,1
2120,0.5
2121,0.5
2122,0.5
2123,0.5
2124,0.5
2125,0.5
2126,0.4
2127,0.6
2128,0.9
2129,0.4
2130,0.8
2131,2.5
2132,2.4
2133,2.4
2134,2.4
2135,2.5
2136,2.4
2137,2.5
2138,2.4
2139,2.4
2140,2.4
2141,2.5
2142,2.4
2143,1.3
2144,0.5
2145,0.5
2146,0.5
2147,0.5
2148,0.4
2149,0.5
2150,0.5
2151,0.7
2152,0.6
2153,0.5
2154,0.7
2155,1.9
2156,2.7
2157,2.7
2158,2.8
2159,2.8
2160,2.6
2161,2.4
2162,2.4
2163,2.4
2164,2.5
2165,2.4
2166,2
2167,0.4
2168,0.4
2169,0.5
2170,0.7
2171,0.4
2172,0.5
2173,0.5
2174,0.6
2175,0.4
2176,0.5
2177,0.5
2178,0.4
2179,0.7
2180,2.4
2181,2.5
2182,2.4
2183,2.4
2184,2.4
2185,2.4
2186,2.5
2187,2.4
2188,2.4
2189,2.4
2190,1.9
2191,0.5
2192,0.4
2193,0.5
2194,0.5
2195,0.4
2196,0.5
2197,0.5
2198,0.5
2199,0.5
2200,0.5
2201,0.5
2202,0.4
2203,0.8
2204,2.8
2205,2.5
2206,2.4
2207,2.4
2208,2.4
2209,2.4
2210,2.5
2211,2.4
2212,2.4
2213,2.4
2214,1.8
2215,0.6
2216,0.4
2217,0.5
2218,0.5
2219,0.5
2220,0.5
2221,0.5
2222,0.8
2223,0.6
2224,0.9
2225,0.6
2226,0.5
2227,0.8
2228,2.3
2229,2.4
2230,2.3
2231,2.3
2232,2.5
2233,2.5
2234,2.5
2235,2.5
2236,2.5
2237,2.4
2238,2.5
2239,0.7
2240,0.4
2241,0.5
2242,0.4
2243,0.5
2244,0.5
2245,0.6
2246,0.6
2247,0.5
2248,0.6
2249,0.4
2250,0.5
2251,0.7
2252,2.4
2253,2.3
2254,2.4
2255,2.5
2256,2.5
2257,2.4
2258,2.5
2259,2.5
2260,2.4
2261,2.5
2262,1.6
2263,0.5
2264,0.5
2265,0.4
2266,0.5
2267,0.6
2268,0.4
2269,0.5
2270,0.5
2271,0.5
2272,0.5
2273,0.5
2274,0.8
2275,1.5
2276,2.4
2277,2.5
2278,2.5
2279,2.5
2280,2.4
2281,2.5
2282,2.4
2283,2.5
2284,2.5
2285,2.5
2286,1.6
2287,0.5
2288,0.4
2289,0.5
2290,0.5
2291,0.5
2292,0.5
2293,0.7
2294,0.6
2295,0.4
2296,0.5
2297,0.5
2298,0.4
2299,0.6
2300,2.4
2301,2.5
2302,2.4
2303,2.5
2304,2.5
2305,2.4
2306,2.5
2307,2.5
2308,2.4
2309,2.5
2310,1.5
2311,0.4
2312,0.5
2313,0.5
2314,0.4
2315,0.5
2316,0.4
2317,0.5
2318,0.5
2319,0.5
2320,0.4
2321,0.5
2322,0.5
2323,1
2324,2.4
2325,2.6
2326,2.5
2327,2.5
2328,2.5
2329,2.4
2330,2.5
2331,2.5
2332,2.5
2333,2.4
2334,2.2
2335,0.4
2336,0.5
2337,0.5
2338,0.4
2339,0.5
2340,0.4
2341,0.5
2342,0.5
2343,0.5
2344,0.6
2345,0.4
2346,0.5
2347,0.5
2348,2.4
2349,2.4
2350,2.5
2351,2.5
2352,2.4
2353,2.6
2354,2.4
2355,2.5
2356,2.5
2357,2.5
2358,1.3
2359,0.5
2360,0.4
2361,0.5
2362,0.5
2363,0.5
2364,0.4
2365,0.5
2366,0.5
2367,0.5
2368,0.6
2369,0.5
2370,0.4
2371,0.5
2372,2.4
2373,2.5
2374,2.4
2375,2.5
2376,2.5
2377,2.5
2378,2.4
2379,2.6
2380,2.4
2381,2.5
2382,1.1
2383,0.5
2384,0.4
2385,0.5
2386,0.5
2387,0.4
2388,0.5
2389,0.5
2390,0.5
2391,0.4
2392,0.5
2393,0.5
2394,0.5
2395,0.8
2396,2.7
2397,2.5
2398,2.5
2399,2.4
2400,2.5
2401,2.4
2402,2.5
2403,2.4
2404,2.5
2405,2.4
2406,2
2407,0.5
2408,0.5
2409,0.5
2410,0.5
2411,0.5
2412,0.5
2413,0.4
2414,0.6
2415,0.5
2416,0.7
2417,0.5
2418,0.4
2419,0.7
2420,2.5
2421,2.6
2422,2.4
2423,2.5
2424,2.5
2425,2.4
2426,2.5
2427,2.5
2428,2.4
2429,2.5
2430,1.1
2431,0.4
2432,0.5
2433,0.5
2434,0.5
2435,0.5
2436,0.6
2437,0.5
2438,0.5
2439,0.4
2440,0.5
2441,0.5
2442,0.5
2443,0.8
2444,2.3
2445,2.4
2446,2.5
2447,2.4
2448,2.5
2449,2.5
2450,2.5
2451,2.4
2452,2.5
2453,2.5
2454,1.6
2455,0.5
2456,0.5
2457,0.4
2458,0.5
2459,0.5
2460,0.4
2461,0.5
2462,0.5
2463,0.5
2464,0.4
2465,0.9
2466,0.5
2467,1
2468,2
2469,2.4
2470,2.7
2471,2.4
2472,2.3
2473,2.5
2474,2.4
2475,2.5
2476,2.4
2477,2.5
2478,0.9
2479,0.5
2480,0.5
2481,0.4
2482,0.5
2483,0.5
2484,0.4
2485,0.5
2486,0.5
2487,0.6
2488,0.8
2489,0.7
2490,0.5
2491,0.5
2492,2.6
2493,2.4
2494,2.4
2495,2.5
2496,2.5
2497,2.4
2498,2.5
2499,2.5
2500,2.4
2501,2.5
2502,1.9
2503,0.5
2504,0.5
2505,0.4
2506,0.7
2507,0.8
2508,0.5
2509,0.7
2510,0.6
2511,0.7
2512,0.8
2513,0.6
2514,0.5
2515,0.5
2516,2.1
2517,2.5
2518,2.5
2519,2.4
2520,2.5
2521,2.5
2522,2.4
2523,2.5
2524,2.5
2525,2.4
2526,2.3
2527,0.5
2528,0.5
2529,0.5
2530,0.4
2531,0.5
2532,0.6
2533,0.5
2534,0.6
2535,0.7
2536,0.7
2537,0.7
2538,0.5
2539,0.6
2540,1.8
2541,2.4
2542,2.5
2543,2.4
2544,2.5
2545,2.4
2546,2.5
2547,2.5
2548,2.4
2549,2.5
2550,0.5
2551,0.5
2552,0.4
2553,0.4
2554,0.5
2555,0.5
2556,0.4
2557,0.5
2558,0.4
2559,0.5
2560,1
2561,1.4
2562,0.5
2563,0.5
2564,1.7
2565,2.4
2566,2.5
2567,2.5
2568,2.4
2569,2.5
2570,2.4
2571,2.5
2572,2.4
2573,2.5
2574,0.5
2575,0.5
2576,0.4
2577,0.5
2578,0.5
2579,0.5
2580,0.5
2581,0.5
2582,0.5
2583,0.7
2584,0.7
2585,0.5
2586,0.8
2587,0.9
2588,1.9
2589,2.4
2590,2.5
2591,2.5
2592,2.4
2593,2.5
2594,2.4
2595,2.5
2596,2.4
2597,2.4
2598,0.4
2599,0.5
2600,0.6
2601,0.4
2602,0.5
2603,0.5
2604,0.5
2605,0.5
2606,0.4
2607,0.7
2608,0.6
2609,0.7
2610,0.6
2611,0.5
2612,1.5
2613,2.4
2614,2.5
2615,2.5
2616,2.4
2617,2.5
2618,2.5
2619,2.5
2620,2.5
2621,2.2
2622,0.4
2623,0.5
2624,0.6
2625,0.5
2626,0.5
2627,0.5
2628,0.6
2629,0.5
2630,0.5
2631,0.4
2632,0.7
2633,0.6
2634,0.6
2635,0.6
2636,1.5
2637,2.5
2638,2.5
2639,2.4
2640,2.5
2641,2.5
2642,2.5
2643,2.4
2644,2.5
2645,2.2
2646,0.4
2647,0.5
2648,0.4
2649,0.5
2650,0.5
2651,0.4
2652,0.5
2653,0.5
2654,0.5
2655,0.7
2656,0.5
2657,0.6
2658,0.5
2659,0.5
2660,1.3
2661,2.5
2662,2.5
2663,2.5
2664,2.4
2665,2.5
2666,2.5
2667,2.4
2668,2.5
2669,2
2670,0.5
2671,0.4
2672,0.5
2673,0.5
2674,0.5
2675,0.4
2676,0.5
2677,0.5
2678,0.7
2679,0.4
2680,0.5
2681,0.5
2682,0.6
2683,0.5
2684,1.8
2685,2.5
2686,2.5
2687,2.5
2688,2.4
2689,2.5
2690,2.4
2691,2.5
2692,2.5
2693,2.4
2694,1.4
2695,0.5
2696,0.5
2697,0.4
2698,0.5
2699,0.5
2700,0.4
2701,0.5
2702,0.6
2703,0.4
2704,0.5
2705,0.5
2706,0.4
2707,0.5
2708,1.3
2709,2.4
2710,2.3
2711,2.5
2712,2.5
2713,2.4
2714,2.5
2715,2.5
2716,2.5
2717,2
2718,0.4
2719,0.5
2720,0.5
2721,0.4
2722,0.5
2723,0.5
2724,0.4
2725,0.5
2726,0.6
2727,0.5
2728,0.6
2729,0.4
2730,0.5
2731,0.5
2732,2.4
2733,2.4
2734,2.5
2735,2.5
2736,2.4
2737,2.5
2738,2.5
2739,2.5
2740,2.4
2741,2.5
2742,1.9
2743,0.5
2744,0.4
2745,0.5
2746,0.5
2747,0.5
2748,0.4
2749,0.5
2750,0.4
2751,0.9
2752,0.5
2753,0.5
2754,0.4
2755,0.5
2756,1.3
2757,2.4
2758,2.4
2759,2.3
2760,2.4
2761,2.5
2762,2.4
2763,2.5
2764,2.5
2765,1.8
2766,0.5
2767,0.5
2768,0.4
2769,0.5
2770,0.5
2771,0.5
2772,0.4
2773,0.5
2774,0.5
2775,0.6
2776,0.5
2777,0.5
2778,0.4
2779,0.5
2780,1.3
2781,2.5
2782,2.6
2783,2.4
2784,2.5
2785,2.5
2786,2.4
2787,2.5
2788,2.5
2789,1.8
2790,0.4
2791,0.5
2792,0.6
2793,0.5
2794,0.4
2795,0.5
2796,0.5
2797,0.6
2798,0.6
2799,0.5
2800,0.7
2801,0.6
2802,0.5
2803,0.5
2804,1.4
2805,2.5
2806,2.4
2807,2.4
2808,2.5
2809,2.5
2810,2.5
2811,2.4
2812,2.5
2813,1.7
2814,0.4
2815,0.5
2816,0.5
2817,0.4
2818,0.5
2819,0.4
2820,0.5
2821,0.4
2822,0.5
2823,0.6
2824,0.5
2825,0.4
2826,0.5
2827,0.4
2828,1.3
2829,2.5
2830,2.4
2831,2.5
2832,2.5
2833,2.5
2834,2.4
2835,2.5
2836,2.4
2837,2
2838,0.4
2839,0.5
2840,0.4
2841,0.5
2842,0.5
2843,0.4
2844,0.5
2845,0.5
2846,0.4
2847,0.5
2848,0.6
2849,0.5
2850,0.5
2851,0.4
2852,0.8
2853,2.4
2854,2.4
2855,2.4
2856,2.4
2857,2.5
2858,2.4
2859,2.4
2860,2.5
2861,1.4
2862,0.5
2863,0.4
2864,0.5
2865,0.4
2866,0.5
2867,0.5
2868,0.6
2869,0.7
2870,0.5
2871,0.5
2872,0.5
2873,0.5
2874,0.4
2875,0.5
2876,0.8
2877,2.3
2878,2.3
2879,2.4
2880,2.5
2881,2.4
2882,2.5
2883,2.4
2884,2.4
2885,2.4
2886,1.6
2887,0.5
2888,0.4
2889,0.5
2890,0.4
2891,0.6
2892,0.5
2893,0.5
2894,0.4
2895,0.5
2896,0.5
2897,0.4
2898,0.4
2899,1
2900,2.2
2901,2.4
2902,2.4
2903,2.5
2904,2.4
2905,2.4
2906,2.4
2907,2.4
2908,2.4
2909,1.3
2910,0.5
2911,0.4
2912,0.5
2913,0.4
2914,0.5
2915,0.5
2916,0.4
2917,0.5
2918,0.5
2919,0.4
2920,0.6
2921,0.4
2922,0.5
2923,0.5
2924,0.5
2925,2.5
2926,2.4
2927,2.5
2928,2.4
2929,2.4
2930,2.4
2931,2.4
2932,2.4
2933,1.3
2934,0.4
2935,0.5
2936,0.4
2937,0.5
2938,0.5
2939,0.5
2940,0.6
2941,0.4
2942,0.5
2943,0.5
2944,0.6
2945,0.4
2946,0.5
2947,0.5
2948,0.5
2949,2.3
2950,2.4
2951,2.4
2952,2.4
2953,2.4
2954,2.4
2955,2.4
2956,2.4
2957,0.9
2958,0.4
2959,0.5
2960,0.4
2961,0.5
2962,0.5
2963,0.5
2964,0.5
2965,0.7
2966,0.5
2967,0.5
2968,0.8
2969,0.6
2970,0.5
2971,0.4
2972,0.6
2973,2.2
2974,2.2
2975,2.2
2976,2.2
2977,2.2
2978,2.3
2979,2.3
2980,2.3
2981,1
2982,0.4
2983,0.5
2984,0.6
2985,0.5
2986,0.5
2987,0.4
2988,0.5
2989,0.4
2990,0.5
2991,0.7
2992,0.4
2993,0.5
2994,0.5
2995,0.4
2996,0.5
2997,2.1
2998,2.3
2999,2.3
3000,2.1
3001,2.1
3002,2.1
3003,2.1
3004,2.1
3005,0.8
3006,0.5
3007,0.4
3008,0.5
3009,0.5
3010,0.4
3011,0.5
3012,0.4
3013,0.5
3014,0.5
3015,0.4
3016,0.5
3017,0.7
3018,0.7
3019,0.8
3020,0.8
3021,2.2
3022,2.4
3023,2.5
3024,2.3
3025,2
3026,2.1
3027,2.1
3028,2.1
3029,0.8
3030,0.5
3031,0.4
3032,0.5
3033,0.4
3034,0.5
3035,0.5
3036,0.6
3037,0.8
3038,0.5
3039,0.5
3040,0.5
3041,0.4
3042,0.5
3043,0.4
3044,0.5
3045,1.9
3046,2
3047,1.9
3048,2
3049,2
3050,2.1
3051,2.1
3052,2.1
3053,0.7
3054,0.5
3055,0.4
3056,0.7
3057,0.5
3058,0.4
3059,0.7
3060,0.5
3061,0.6
3062,0.6
3063,0.8
3064,0.6
3065,0.5
3066,0.9
3067,0.7
3068,0.7
3069,2
3070,2
3071,2
3072,2
3073,2.1
3074,2
3075,2.1
3076,2.1
3077,0.7
3078,0.5
3079,0.5
3080,0.4
3081,0.6
3082,0.6
3083,0.6
3084,0.5
3085,0.5
3086,0.5
3087,0.5
3088,0.6
3089,0.7
3090,0.5
3091,0.4
3092,0.7
3093,2.2
3094,2.1
3095,2.1
3096,2.1
3097,2.1
3098,2.1
3099,2.1
3100,2.1
3101,0.7
3102,0.4
3103,0.5
3104,0.5
3105,0.4
3106,0.7
3107,0.7
3108,0.7
3109,0.6
3110,0.6
3111,0.9
3112,0.7
3113,0.7
3114,0.6
3115,0.8
3116,0.7
3117,2
3118,2.1
3119,2.3
3120,2.2
3121,2.3
3122,2.2
3123,2.2
3124,2.3
3125,1
3126,0.5
3127,0.5
3128,0.5
3129,0.5
3130,0.5
3131,0.5
3132,0.5
3133,0.4
3134,0.5
3135,0.4
3136,0.6
3137,0.8
3138,0.9
3139,0.6
3140,0.8
3141,1.9
3142,2.1
3143,2.2
3144,2
3145,2.1
3146,2.1
3147,2.1
3148,2.1
3149,0.6
3150,0.5
3151,0.4
3152,0.7
3153,0.4
3154,0.5
3155,0.4
3156,0.5
3157,0.4
3158,0.6
3159,0.6
3160,0.5
3161,0.4
3162,0.5
3163,0.4
3164,0.5
3165,1.8
3166,2.1
3167,2.1
3168,2
3169,2.1
3170,2.1
3171,2.1
3172,2.1
3173,0.6
3174,0.4
3175,0.5
3176,0.4
3177,0.5
3178,0.4
3179,0.5
3180,0.4
3181,0.5
3182,0.4
3183,0.5
3184,0.5
3185,0.5
3186,0.4
3187,0.5
3188,0.5
3189,1.6
3190,2
3191,2.1
3192,2.1
3193,2.1
3194,2.1
3195,2.1
3196,2.1
3197,0.8
3198,0.4
3199,0.5
3200,0.4
3201,0.5
3202,0.4
3203,0.5
3204,0.6
3205,0.4
3206,0.5
3207,0.4
3208,0.5
3209,0.4
3210,0.5
3211,0.5
3212,0.4
3213,1.7
3214,1.9
3215,2
3216,2
3217,1.9
3218,2
3219,2
3220,1.9
3221,0.4
3222,0.4
3223,0.5
3224,0.4
3225,0.5
3226,0.4
3227,0.5
3228,0.5
3229,0.5
3230,0.5
3231,0.6
3232,0.5
3233,0.6
3234,0.7
3235,0.9
3236,1
3237,2.3
3238,2.4
3239,2.1
3240,2
3241,2
3242,2
3243,1.9
3244,2
3245,1.2
3246,0.5
3247,0.5
3248,0.4
3249,0.5
3250,0.4
3251,0.4
3252,0.5
3253,0.4
3254,0.5
3255,0.5
3256,0.6
3257,0.4
3258,0.5
3259,0.4
3260,0.9
3261,2
3262,1.9
3263,2
3264,1.9
3265,2
3266,1.9
3267,2
3268,1.9
3269,0.4
3270,0.5
3271,0.4
3272,0.5
3273,0.4
3274,0.5
3275,0.5
3276,0.4
3277,0.5
3278,0.4
3279,0.5
3280,0.7
3281,0.5
3282,0.4
3283,0.5
3284,0.4
3285,1.5
3286,1.9
3287,2
3288,1.9
3289,2
3290,1.9
3291,2
3292,1.8
3293,0.4
3294,0.5
3295,0.4
3296,0.4
3297,0.5
3298,0.4
3299,0.5
3300,0.5
3301,0.4
3302,0.4
3303,0.6
3304,0.5
3305,0.4
3306,0.4
3307,0.5
3308,0.4
3309,1.5
3310,2.1
3311,2
3312,2.1
3313,1
3314,1
3315,0.9
3316,1
3317,1
3318,1
3319,0.9
3320,1
3321,1
3322,1
3323,0.9
3324,1
3325,1
3326,1
3327,0.9
3328,1
3329,1
3330,1
3331,0.9
3332,1
3333,1
3334,1
3335,0.9
3336,1
3337,1
3338,1
3339,0.9
3340,1
3341,1
3342,1
3343,0.9
3344,1
3345,1
3346,1
3347,0.9
3348,1
3349,1
3350,0.5
3351,0.5
3352,0.6
3353,0.5
3354,0.5
3355,0.4
3356,0.5
3357,1.3
3358,2.1
3359,2
3360,2.1
3361,2.1
3362,2.1
3363,2
3364,1.9
3365,0.4
3366,0.5
3367,0.4
3368,0.5
3369,0.4
3370,0.5
3371,0.5
3372,0.5
3373,0.5
3374,0.5
3375,0.5
3376,0.4
3377,0.6
3378,0.5
3379,0.6
3380,0.9
3381,1.5
3382,2.1
3383,2
3384,2.1
3385,2.1
3386,2.1
3387,2.1
3388,2.1
3389,0.9
3390,0.5
3391,0.4
3392,0.5
3393,0.5
3394,0.5
3395,0.6
3396,0.5
3397,0.4
3398,0.5
3399,0.6
3400,0.6
3401,0.4
3402,0.5
3403,0.4
3404,0.6
3405,1.5
3406,2
3407,2.1
3408,2.1
3409,2.1
3410,2.1
3411,2.1
3412,1.9
3413,0.5
3414,0.4
3415,0.5
3416,0.4
3417,0.5
3418,0.4
3419,0.4
3420,0.5
3421,0.5
3422,0.4
3423,0.4
3424,0.6
3425,0.4
3426,0.5
3427,0.5
3428,0.4
3429,2
3430,2.1
3431,2
3432,2.1
3433,2.1
3434,2.1
3435,2.1
3436,2
3437,0.5
3438,0.4
3439,0.5
3440,0.4
3441,0.4
3442,0.6
3443,0.5
3444,0.6
3445,0.5
3446,0.4
3447,0.6
3448,0.5
3449,0.5
3450,0.4
3451,0.5
3452,0.4
3453,1.2
3454,2
3455,2.1
3456,2.1
3457,2
3458,2.1
3459,2.1
3460,1.9
3461,0.5
3462,0.4
3463,0.5
3464,0.4
3465,0.5
3466,0.4
3467,0.5
3468,0.4
3469,0.5
3470,0.4
3471,0.5
3472,0.5
3473,0.8
3474,0.5
3475,0.5
3476,0.4
3477,1.3
3478,2.1
3479,2.1
3480,2.1
3481,2.1
3482,2
3483,2.1
3484,1.8
3485,0.4
3486,0.5
3487,0.4
3488,0.5
3489,0.4
3490,0.5
3491,0.4
3492,0.5
3493,0.4
3494,0.5
3495,0.8
3496,0.5
3497,0.5
3498,0.5
3499,0.5
3500,0.5
3501,1
3502,2
3503,2
3504,1.9
3505,1.9
3506,2.1
3507,2.1
3508,1.6
3509,0.5
3510,0.4
3511,0.4
3512,0.5
3513,0.4
3514,0.5
3515,0.4
3516,0.5
3517,0.5
3518,0.6
3519,0.4
3520,0.5
3521,0.4
3522,0.5
3523,0.5
3524,0.5
3525,1.3
3526,2
3527,2.1
3528,2.1
3529,2.1
3530,0.9
3531,0.9
3532,1
3533,0.9
3534,0.9
3535,0.9
3536,0.9
3537,0.9
3538,1
3539,0.9
3540,0.9
3541,0.9
3542,0.9
3543,0.9
3544,1
3545,0.9
3546,0.9
3547,0.9
3548,0.9
3549,0.9
3550,1
3551,0.9
3552,0.9
3553,0.9
3554,0.9
3555,0.9
3556,1
3557,0.9
3558,0.9
3559,0.9
3560,0.9
3561,0.9
3562,1
3563,0.9
3564,0.9
3565,0.9
3566,0.5
3567,0.6
3568,0.5
3569,0.5
3570,0.5
3571,0.5
3572,0.5
3573,1.1
3574,2.1
3575,2.1
3576,2
3577,2.1
3578,2.1
3579,2
3580,1.5
3581,0.4
3582,0.5
3583,0.4
3584,0.5
3585,0.4
3586,0.4
3587,0.5
3588,0.5
3589,0.5
3590,0.5
3591,0.5
3592,0.7
3593,0.7
3594,0.5
3595,0.4
3596,0.5
3597,1.2
3598,2.1
3599,2.1
3600,2.1
3601,2.1
3602,2.1
3603,2.1
3604,1.6
3605,0.4
3606,0.5
3607,0.5
3608,0.5
3609,0.5
3610,0.5
3611,0.5
3612,0.5
3613,0.5
3614,0.5
3615,0.6
3616,0.6
3617,0.7
3618,0.6
3619,0.4
3620,0.5
3621,1
3622,2.2
3623,2.2
3624,2.1
3625,2.1
3626,2.2
3627,2.1
3628,1.6
3629,0.5
3630,0.5
3631,0.5
3632,0.5
3633,0.5
3634,0.6
3635,0.5
3636,0.5
3637,0.6
3638,0.5
3639,0.5
3640,0.6
3641,0.8
3642,0.5
3643,0.5
3644,0.6
3645,1.1
3646,2.1
3647,2.2
3648,2.1
3649,2.2
3650,2.1
3651,2.2
3652,1.4
3653,0.5
3654,0.5
3655,0.6
3656,0.5
3657,0.5
3658,0.5
3659,0.5
3660,0.5
3661,0.5
3662,0.6
3663,0.8
3664,0.5
3665,0.5
3666,0.4
3667,0.5
3668,0.6
3669,0.9
3670,2.1
3671,2.1
3672,2.1
3673,2.1
3674,2.2
3675,2.1
3676,1.4
3677,0.5
3678,0.4
3679,0.5
3680,0.5
3681,0.5
3682,0.5
3683,0.5
3684,1.5
3685,1.6
3686,0.8
3687,0.5
3688,0.5
3689,0.5
3690,0.4
3691,0.5
3692,0.5
3693,0.7
3694,2.1
3695,2.2
3696,2.1
3697,2.1
3698,2.2
3699,2.1
3700,1.6
3701,0.4
3702,0.5
3703,0.5
3704,0.5
3705,0.5
3706,0.5
3707,0.6
3708,0.5
3709,0.5
3710,0.6
3711,0.5
3712,0.5
3713,0.5
3714,0.6
3715,0.5
3716,0.5
3717,0.9
3718,2.2
3719,2.1
3720,2.1
3721,2.1
3722,2.2
3723,2.1
3724,2.1
3725,0.5
3726,0.5
3727,0.5
3728,0.4
3729,0.5
3730,0.6
3731,0.7
3732,0.5
3733,0.5
3734,0.5
3735,0.5
3736,0.5
3737,0.5
3738,0.4
3739,0.5
3740,0.5
3741,0.7
3742,2.2
3743,2.1
3744,2.1
3745,2.1
3746,2.2
3747,2.1
3748,1.3
3749,0.5
3750,0.4
3751,0.5
3752,0.5
3753,0.5
3754,0.4
3755,0.5
3756,0.5
3757,0.5
3758,0.5
3759,0.5
3760,0.6
3761,0.5
3762,0.5
3763,0.6
3764,0.5
3765,0.6
3766,2
3767,2.1
3768,2.1
3769,2.1
3770,2.1
3771,2.1
3772,1.3
3773,0.5
3774,0.4
3775,0.5
3776,0.5
3777,0.5
3778,0.4
3779,0.6
3780,0.4
3781,0.5
3782,0.6
3783,0.5
3784,0.7
3785,0.5
3786,0.4
3787,0.4
3788,0.5
3789,0.6
3790,2.1
3791,2.1
3792,2.1
3793,2
3794,2.1
3795,2.1
3796,1.2
3797,0.5
3798,0.4
3799,0.4
3800,0.5
3801,0.4
3802,0.5
3803,0.5
3804,0.4
3805,0.5
3806,0.4
3807,0.5
3808,0.8
3809,0.5
3810,0.6
3811,0.5
3812,0.5
3813,0.6
3814,1.9
3815,2
3816,2
3817,1.9
3818,1.9
3819,2
3820,1.1
3821,0.4
3822,0.4
3823,0.4
3824,0.5
3825,0.8
3826,0.6
3827,0.4
3828,1
3829,0.5
3830,0.5
3831,0.4
3832,0.5
3833,0.4
3834,0.4
3835,0.5
3836,0.4
3837,0.6
3838,2
3839,1.9
3840,1.9
3841,2
3842,2.1
3843,2.1
3844,1.1
3845,0.4
3846,0.3
3847,0.4
3848,0.3
3849,0.3
3850,0.2
3851,0.3
3852,0.2
3853,0.3
3854,0.3
3855,0.3
3856,0.9
3857,0.9
3858,0.7
3859,0.7
3860,0.7
3861,0.5
3862,2.1
3863,2
3864,2
3865,2.1
3866,2
3867,2
3868,1.3
3869,0.4
3870,0.4
3871,0.4
3872,0.4
3873,0.4
3874,0.4
3875,0.3
3876,0.3
3877,0.3
3878,0.3
3879,0.4
3880,0.8
3881,0.9
3882,0.7
3883,0.6
3884,0.7
3885,0.6
3886,2.2
3887,2
3888,2
3889,2.1
3890,2.1
3891,2
3892,1.2
3893,0.4
3894,0.4
3895,0.5
3896,0.4
3897,0.5
3898,0.4
3899,0.5
3900,0.4
3901,0.5
3902,0.5
3903,0.5
3904,0.5
3905,0.4
3906,0.5
3907,0.4
3908,0.6
3909,0.9
3910,2.2
3911,2.2
3912,2.2
3913,2.1
3914,2.1
3915,2
3916,1.2
3917,0.4
3918,0.4
3919,0.5
3920,0.4
3921,0.5
3922,0.4
3923,0.6
3924,0.4
3925,0.5
3926,0.4
3927,0.6
3928,0.5
3929,0.5
3930,0.5
3931,0.5
3932,0.4
3933,0.4
3934,2.1
3935,2.1
3936,2.2
3937,2.2
3938,2.1
3939,2.1
3940,1.1
3941,0.4
3942,0.5
3943,0.4
3944,0.5
3945,0.4
3946,0.5
3947,0.5
3948,0.5
3949,0.5
3950,0.4
3951,0.7
3952,0.4
3953,0.5
3954,0.5
3955,0.6
3956,0.5
3957,0.4
3958,2
3959,2.3
3960,2.2
3961,2.3
3962,2.2
3963,2.1
3964,1
3965,0.5
3966,0.4
3967,0.4
3968,0.4
3969,0.5
3970,0.4
3971,0.4
3972,0.5
3973,0.4
3974,0.4
3975,0.5
3976,1
3977,0.7
3978,0.8
3979,0.6
3980,0.4
3981,0.7
3982,1.9
3983,2
3984,2.1
3985,2
3986,2.1
3987,2.1
3988,1
3989,0.4
3990,0.5
3991,0.4
3992,0.4
3993,0.4
3994,0.5
3995,0.4
3996,0.5
3997,0.4
3998,0.5
3999,0.4
4000,0.5
4001,0.5
4002,0.4
4003,0.5
4004,0.4
4005,1.1
4006,2
4007,2
4008,2.1
4009,2
4010,2.1
4011,2
4012,1.3
4013,0.4
4014,0.4
4015,0.4
4016,0.5
4017,0.4
4018,0.4
4019,0.5
4020,0.7
4021,0.6
4022,0.6
4023,0.6
4024,0.4
4025,0.5
4026,0.4
4027,0.5
4028,0.4
4029,0.5
4030,2
4031,2.1
4032,2
4033,2.1
4034,2.1
4035,2
4036,2.1
4037,1.4
4038,0.4
4039,0.5
4040,0.4
4041,0.4
4042,0.5
4043,0.4
4044,0.5
4045,0.4
4046,0.4
4047,0.5
4048,0.4
4049,0.5
4050,0.4
4051,0.9
4052,0.6
4053,1.7
4054,2.2
4055,2
4056,2.1
4057,2
4058,2.1
4059,2.1
4060,1.4
4061,0.4
4062,0.4
4063,0.4
4064,0.7
4065,0.6
4066,0.7
4067,0.7
4068,0.7
4069,0.6
4070,0.5
4071,0.5
4072,0.4
4073,0.5
4074,0.4
4075,0.4
4076,0.4
4077,0.5
4078,1.9
4079,2.1
4080,2
4081,2.004081633
4082,2.008163265
4083,2.012244898
4084,2.016326531
4085,2.020408163
4086,2.024489796
4087,2.028571429
4088,2.032653061
4089,2.036734694
4090,2.040816327
4091,2.044897959
4092,2.048979592
4093,2.053061224
4094,2.057142857
4095,2.06122449
4096,2.065306122
4097,2.069387755
4098,2.073469388
4099,2.07755102
4100,2.081632653
4101,2.085714286
4102,2.089795918
4103,2.093877551
4104,2.097959184
4105,2.102040816
4106,2.106122449
4107,2.110204082
4108,2.114285714
4109,2.118367347
4110,2.12244898
4111,2.126530612
4112,2.130612245
4113,2.134693878
4114,2.13877551
4115,2.142857143
4116,2.146938776
4117,2.151020408
4118,2.155102041
4119,2.159183673
4120,2.163265306
4121,2.167346939
4122,2.171428571
4123,2.175510204
4124,2.179591837
4125,2.183673469
4126,2.187755102
4127,2.191836735
4128,2.195918367
4129,2.2
4130,2.2
4131,2.2
4132,2
4133,0.6
4134,0.4
4135,0.5
4136,0.4
4137,0.4
4138,0.5
4139,0.4
4140,0.5
4141,0.5
4142,0.4
4143,0.6
4144,0.4
4145,0.5
4146,0.5
4147,0.6
4148,0.6
4149,0.6
4150,2
4151,2.1
4152,2.1
4153,2.1
4154,2.1
4155,2.1
4156,1
4157,0.4
4158,0.4
4159,0.5
4160,0.4
4161,0.5
4162,0.4
4163,0.4
4164,0.5
4165,0.4
4166,0.5
4167,0.4
4168,0.4
4169,0.6
4170,0.6
4171,0.6
4172,0.5
4173,0.6
4174,2.1
4175,2.2
4176,2.1
4177,2.2
4178,2.1
4179,2.1
4180,1.7
4181,0.5
4182,0.5
4183,0.5
4184,0.5
4185,0.5
4186,0.5
4187,0.5
4188,0.5
4189,0.5
4190,0.5
4191,0.6
4192,0.5
4193,0.5
4194,0.5
4195,0.5
4196,0.5
4197,0.5
4198,2
4199,2
4200,2.2
4201,2.1
4202,2.2
4203,2.1
4204,2.1
4205,0.5
4206,0.5
4207,0.5
4208,0.5
4209,0.5
4210,0.5
4211,0.5
4212,0.5
4213,0.6
4214,0.4
4215,0.5
4216,0.5
4217,0.5
4218,0.4
4219,0.4
4220,0.5
4221,0.4
4222,2
4223,2.1
4224,2.1
4225,2.3
4226,2.2
4227,2.2
4228,1.4
4229,0.5
4230,0.4
4231,0.5
4232,0.5
4233,0.5
4234,0.4
4235,0.6
4236,0.5
4237,0.4
4238,0.5
4239,0.6
4240,1
4241,1.4
4242,0.5
4243,0.5
4244,0.7
4245,1.6
4246,2.3
4247,2.1
4248,2.1
4249,2.2
4250,2.1
4251,2.1
4252,2.1
4253,1.2
4254,0.4
4255,0.5
4256,0.4
4257,0.5
4258,0.4
4259,0.6
4260,0.5
4261,0.4
4262,0.4
4263,0.5
4264,0.6
4265,0.4
4266,0.5
4267,0.4
4268,0.4
4269,0.5
4270,2
4271,2
4272,2.1
4273,2.1
4274,2.1
4275,2
4276,1.3
4277,0.4
4278,0.4
4279,0.5
4280,0.4
4281,0.4
4282,0.5
4283,0.5
4284,0.5
4285,0.4
4286,0.5
4287,0.6
4288,0.7
4289,0.6
4290,0.8
4291,0.4
4292,0.5
4293,0.6
4294,1.9
4295,2
4296,1.9
4297,2.1
4298,2
4299,2.1
4300,2
4301,0.8
4302,0.4
4303,0.5
4304,0.4
4305,0.4
4306,0.4
4307,0.5
4308,0.4
4309,0.4
4310,0.5
4311,0.4
4312,0.8
4313,0.4
4314,0.4
4315,0.4
4316,0.4
4317,1.7
4318,2
4319,2.1
4320,2
4321,2.1
4322,2
4323,2.1
4324,2.1
4325,1.8
4326,0.4
4327,0.5
4328,0.4
4329,0.4
4330,0.5
4331,0.4
4332,1
4333,0.9
4334,1
4335,1
4336,0.9
4337,1
4338,1
4339,0.9
4340,1
4341,0.9
4342,1
4343,1
4344,0.9
4345,1
4346,2.1
4347,2
4348,2.1
4349,0.9
4350,0.4
4351,0.4
4352,0.5
4353,0.4
4354,0.4
4355,0.5
4356,0.4
4357,0.4
4358,0.4
4359,0.5
4360,0.4
4361,0.4
4362,0.5
4363,0.4
4364,1.4
4365,1.4
4366,2
4367,2.1
4368,2
4369,2.1
4370,2
4371,2.1
4372,2.1
4373,0.5
4374,0.4
4375,0.4
4376,0.4
4377,0.5
4378,0.5
4379,0.4
4380,0.4
4381,0.4
4382,0.5
4383,0.5
4384,0.4
4385,0.5
4386,0.4
4387,0.5
4388,0.8
4389,2.3
4390,2.2
4391,2.2
4392,2.3
4393,2.2
4394,2.3
4395,2.1
4396,2.1
4397,0.7
4398,0.5
4399,0.5
4400,0.4
4401,0.5
4402,0.8
4403,0.8
4404,0.6
4405,0.6
4406,0.5
4407,0.7
4408,0.7
4409,0.6
4410,0.4
4411,0.5
4412,0.7
4413,1.6
4414,2.1
4415,2.3
4416,2.2
4417,2.2
4418,2.2
4419,2.1
4420,2
4421,0.4
4422,0.5
4423,0.4
4424,0.4
4425,0.6
4426,0.5
4427,0.5
4428,0.4
4429,0.5
4430,0.4
4431,0.6
4432,0.7
4433,0.9
4434,0.7
4435,1.1
4436,0.8
4437,1.3
4438,2.5
4439,2.2
4440,2.1
4441,2.1
4442,2.1
4443,2.1
4444,1.4
4445,0.5
4446,0.4
4447,0.5
4448,0.5
4449,0.4
4450,0.5
4451,0.4
4452,0.5
4453,0.5
4454,0.9
4455,0.7
4456,0.6
4457,0.4
4458,0.4
4459,0.5
4460,0.5
4461,1.8
4462,2.2
4463,2.1
4464,2
4465,2.1
4466,2.1
4467,2.1
4468,2.1
4469,2.1
4470,0.9
4471,0.5
4472,0.4
4473,0.4
4474,0.5
4475,0.5
4476,0.4
4477,0.5
4478,0.5
4479,0.4
4480,0.8
4481,0.4
4482,0.9
4483,0.8
4484,0.7
4485,1
4486,2
4487,2
4488,2.1
4489,2.1
4490,2
4491,2.1
4492,1.5
4493,0.4
4494,0.5
4495,0.4
4496,0.4
4497,0.5
4498,0.4
4499,0.5
4500,0.4
4501,0.7
4502,0.5
4503,0.6
4504,0.5
4505,0.8
4506,0.5
4507,0.4
4508,0.5
4509,0.7
4510,2.2
4511,2.1
4512,2.1
4513,2
4514,2.1
4515,2.1
4516,1.7
4517,0.4
4518,0.4
4519,0.4
4520,0.5
4521,0.5
4522,0.5
4523,0.8
4524,0.7
4525,0.8
4526,0.9
4527,0.6
4528,0.6
4529,0.5
4530,0.6
4531,0.5
4532,0.5
4533,0.8
4534,2.2
4535,2.3
4536,2.2
4537,2.2
4538,2.2
4539,2.1
4540,1.7
4541,0.5
4542,0.6
4543,0.5
4544,0.5
4545,0.6
4546,0.5
4547,0.6
4548,0.6
4549,0.5
4550,0.6
4551,0.5
4552,0.7
4553,0.7
4554,0.6
4555,0.6
4556,0.8
4557,1
4558,2.5
4559,2.4
4560,2.4
4561,2.3
4562,2.1
4563,2.1
4564,1.9
4565,0.4
4566,0.5
4567,0.4
4568,0.6
4569,0.5
4570,0.7
4571,0.8
4572,0.9
4573,0.8
4574,0.6
4575,1
4576,1
4577,0.6
4578,0.8
4579,1.1
4580,0.6
4581,1.7
4582,2.1
4583,2.1
4584,2
4585,2.1
4586,2.1
4587,2.1
4588,2.1
4589,0.8
4590,0.4
4591,0.4
4592,0.5
4593,0.4
4594,0.5
4595,0.4
4596,0.5
4597,0.4
4598,0.4
4599,0.7
4600,0.4
4601,0.5
4602,0.6
4603,0.5
4604,1.2
4605,2.3
4606,2.2
4607,2.6
4608,2.4
4609,2.1
4610,2.1
4611,2.1
4612,2.1
4613,2.1
4614,2.1
4615,1.4
4616,0.5
4617,0.4
4618,0.5
4619,0.4
4620,0.6
4621,0.9
4622,0.6
4623,0.6
4624,0.7
4625,0.5
4626,0.5
4627,0.5
4628,0.4
4629,0.9
4630,2.2
4631,2.1
4632,2.1
4633,2.1
4634,2.1
4635,2.1
4636,2.1
4637,0.7
4638,0.5
4639,0.4
4640,0.5
4641,0.4
4642,0.5
4643,0.6
4644,0.5
4645,0.7
4646,0.5
4647,0.4
4648,1.1
4649,0.5
4650,0.5
4651,0.4
4652,0.7
4653,1
4654,2.1
4655,2.1
4656,2.1
4657,2
4658,2.1
4659,2.1
4660,1.7
4661,0.5
4662,0.4
4663,0.4
4664,0.4
4665,0.5
4666,0.4
4667,0.4
4668,0.7
4669,0.8
4670,0.7
4671,0.7
4672,0.7
4673,0.5
4674,0.7
4675,0.7
4676,0.6
4677,1.1
4678,2.2
4679,2.2
4680,2.2
4681,2.2
4682,2.2
4683,2
4684,2.1
4685,1.5
4686,0.4
4687,0.5
4688,0.5
4689,0.6
4690,0.6
4691,0.6
4692,0.5
4693,0.5
4694,0.5
4695,0.7
4696,0.6
4697,0.6
4698,0.8
4699,0.7
4700,1.5
4701,2.1
4702,1.9
4703,2
4704,2
4705,2.1
4706,2
4707,2.2
4708,2.1
4709,2.1
4710,1.2
4711,0.4
4712,0.4
4713,0.5
4714,0.4
4715,0.4
4716,0.4
4717,0.5
4718,0.4
4719,0.5
4720,0.5
4721,0.4
4722,0.4
4723,0.5
4724,0.5
4725,1.1
4726,2
4727,2.1
4728,2
4729,2.1
4730,2.1
4731,2.1
4732,2.2
4733,1.9
4734,0.6
4735,0.4
4736,0.4
4737,0.5
4738,0.4
4739,0.4
4740,0.4
4741,0.5
4742,0.4
4743,0.6
4744,0.6
4745,0.6
4746,0.6
4747,0.5
4748,0.6
4749,1.7
4750,2.2
4751,2.2
4752,2.2
4753,2.1
4754,2.1
4755,2.1
4756,2.1
4757,0.4
4758,0.4
4759,0.5
4760,0.4
4761,0.4
4762,0.5
4763,0.5
4764,0.4
4765,0.5
4766,0.5
4767,0.4
4768,0.7
4769,0.6
4770,0.6
4771,0.6
4772,0.5
4773,1.6
4774,2.2
4775,2.2
4776,2.2
4777,2.3
4778,2.1
4779,2.1
4780,2.2
4781,0.9
4782,0.5
4783,0.4
4784,0.4
4785,0.5
4786,0.5
4787,0.5
4788,0.7
4789,0.7
4790,0.5
4791,0.4
4792,0.4
4793,0.4
4794,0.5
4795,0.4
4796,0.5
4797,1.2
4798,2
4799,1.9
4800,2
4801,2
4802,2.1
4803,2.1
4804,2.2
4805,0.7
4806,0.4
4807,0.4
4808,0.4
4809,0.4
4810,0.4
4811,0.5
4812,0.4
4813,0.7
4814,0.5
4815,0.4
4816,0.5
4817,0.5
4818,0.5
4819,0.5
4820,0.7
4821,2
4822,2
4823,2.1
4824,2.1
4825,2.2
4826,2.1
4827,2.1
4828,2.2
4829,0.8
4830,0.4
4831,0.4
4832,0.4
4833,0.5
4834,0.5
4835,0.5
4836,0.4
4837,0.4
4838,0.5
4839,0.5
4840,0.5
4841,0.5
4842,0.4
4843,0.5
4844,0.4
4845,1.3
4846,2.2
4847,2.1
4848,2.1
4849,2.1
4850,2.1
4851,2.2
4852,2.1
4853,1.2
4854,0.4
4855,0.4
4856,0.4
4857,0.5
4858,0.4
4859,0.4
4860,0.5
4861,0.5
4862,0.4
4863,0.5
4864,0.4
4865,0.5
4866,0.4
4867,0.5
4868,0.5
4869,1.1
4870,2.1
4871,2.2
4872,2.1
4873,2.1
4874,2.1
4875,2.1
4876,2.1
4877,0.7
4878,0.4
4879,0.4
4880,0.4
4881,0.4
4882,0.5
4883,0.4
4884,0.4
4885,0.4
4886,0.5
4887,0.4
4888,0.5
4889,0.6
4890,0.4
4891,0.5
4892,0.5
4893,2
4894,2
4895,2
4896,2.1
4897,2.1
4898,2.1
4899,2.1
4900,2.1
4901,2.1
4902,0.8
4903,0.7
4904,0.4
4905,0.5
4906,0.4
4907,0.4
4908,0.5
4909,0.5
4910,0.5
4911,0.4
4912,0.4
4913,0.6
4914,0.5
4915,0.8
4916,2.1
4917,2
4918,2.1
4919,2.1
4920,2.1
4921,2.1
4922,2.1
4923,2.2
4924,2.1
4925,1.1
4926,0.4
4927,0.4
4928,0.4
4929,0.5
4930,0.4
4931,0.4
4932,0.5
4933,0.4
4934,0.7
4935,0.8
4936,0.6
4937,0.6
4938,0.5
4939,0.6
4940,0.5
4941,1.6
4942,2.1
4943,2.1
4944,2.2
4945,2.1
4946,2.1
4947,2.2
4948,2.1
4949,0.7
4950,0.4
4951,0.5
4952,0.4
4953,0.4
4954,0.4
4955,0.5
4956,0.4
4957,0.5
4958,0.4
4959,0.4
4960,0.5
4961,0.4
4962,0.4
4963,0.8
4964,1.7
4965,2.2
4966,2.5
4967,2.2
4968,2.3
4969,2.3
4970,2.2
4971,2.3
4972,2.3
4973,2.1
4974,0.6
4975,0.5
4976,0.4
4977,0.5
4978,0.6
4979,0.8
4980,0.6
4981,0.6
4982,0.6
4983,0.6
4984,0.6
4985,0.6
4986,0.8
4987,0.6
4988,0.4
4989,1.4
4990,2.2
4991,2.1
4992,2
4993,2.1
4994,2.1
4995,2.1
4996,2.1
4997,0.7
4998,0.5
4999,0.4
5000,0.4
5001,0.5
5002,0.4
5003,0.4
5004,0.5
5005,0.7
5006,0.5
5007,0.4
5008,0.4
5009,0.6
5010,0.5
5011,0.5
5012,0.5
5013,1.4
5014,2
5015,2.1
5016,2.1
5017,2.1
5018,2.1
5019,2.1
5020,2.1
5021,0.9
5022,0.4
5023,0.4
5024,0.4
5025,0.4
5026,0.5
5027,0.4
5028,0.4
5029,0.5
5030,0.4
5031,0.4
5032,0.4
5033,0.4
5034,0.4
5035,0.5
5036,0.4
5037,1.7
5038,2.1
5039,2.1
5040,2.1
5041,2.1
5042,2
5043,2.1
5044,2.1
5045,1.7
5046,0.5
5047,0.4
5048,0.4
5049,0.4
5050,0.4
5051,0.5
5052,0.4
5053,0.4
5054,0.5
5055,0.5
5056,0.5
5057,0.5
5058,0.5
5059,0.5
5060,0.8
5061,2.4
5062,2.3
5063,2.2
5064,2.1
5065,2.2
5066,2.1
5067,2.1
5068,2.2
5069,1.3
5070,0.6
5071,0.6
5072,0.6
5073,0.5
5074,0.8
5075,0.7
5076,0.6
5077,0.6
5078,0.6
5079,0.6
5080,0.7
5081,0.7
5082,0.6
5083,0.5
5084,0.6
5085,2
5086,2.2
5087,2
5088,2
5089,2
5090,2
5091,1.9
5092,2
5093,1.6
5094,0.4
5095,0.4
5096,0.4
5097,0.4
5098,0.4
5099,0.5
5100,0.4
5101,0.5
5102,0.4
5103,0.4
5104,0.5
5105,0.4
5106,0.4
5107,0.5
5108,0.4
5109,1.6
5110,2
5111,2
5112,2
5113,2
5114,1.9
5115,2
5116,2
5117,2
5118,1
5119,0.4
5120,0.4
5121,0.5
5122,0.4
5123,0.4
5124,0.4
5125,0.5
5126,0.6
5127,0.5
5128,0.4
5129,0.5
5130,0.5
5131,0.4
5132,0.5
5133,1.6
5134,2.1
5135,2
5136,2
5137,1.9
5138,0.9
5139,1
5140,0.9
5141,1
5142,0.9
5143,1
5144,0.9
5145,1
5146,0.9
5147,1
5148,0.9
5149,1
5150,0.9
5151,1
5152,0.9
5153,1
5154,0.9
5155,1
5156,0.9
5157,1
5158,0.9
5159,1
5160,0.9
5161,2
5162,2
5163,1.9
5164,1.6
5165,1.9
5166,0.4
5167,0.5
5168,0.4
5169,0.4
5170,0.5
5171,0.4
5172,0.5
5173,0.8
5174,0.6
5175,0.7
5176,0.3
5177,0.2
5178,0.6
5179,0.8
5180,1.1
5181,2.2
5182,2.3
5183,2.2
5184,2.2
5185,2.2
5186,2.3
5187,2.2
5188,2.1
5189,2
5190,1.3
5191,0.4
5192,0.4
5193,0.5
5194,0.4
5195,0.3
5196,0.5
5197,0.4
5198,0.5
5199,0.4
5200,0.5
5201,0.5
5202,0.4
5203,0.5
5204,0.7
5205,2.3
5206,2.4
5207,2.4
5208,2.3
5209,2.2
5210,2.1
5211,2.2
5212,2.1
5213,1.6
5214,0.5
5215,0.6
5216,0.6
5217,0.5
5218,0.6
5219,0.6
5220,0.6
5221,0.5
5222,0.6
5223,0.6
5224,0.6
5225,0.6
5226,0.7
5227,0.8
5228,1.7
5229,2.1
5230,2
5231,2.5
5232,2.3
5233,2
5234,2
5235,2
5236,2
5237,2
5238,1.4
5239,0.7
5240,0.4
5241,0.5
5242,0.5
5243,0.4
5244,1.4
5245,1.4
5246,1.4
5247,1.3
5248,1.4
5249,1.4
5250,1.4
5251,1.4
5252,1.4
5253,1.4
5254,1.3
5255,1.4
5256,1.4
5257,1.4
5258,2.2
5259,2.3
5260,2.1
5261,2.1
5262,1.6
5263,0.4
5264,0.5
5265,0.4
5266,0.5
5267,0.4
5268,0.5
5269,0.7
5270,1.6
5271,1.5
5272,0.7
5273,0.4
5274,0.5
5275,0.5
5276,2
5277,2.4
5278,2.4
5279,2.4
5280,2.2
5281,2.2
5282,2.2
5283,2.2
5284,2.2
5285,2.2
5286,1.5
5287,0.6
5288,0.7
5289,0.6
5290,0.8
5291,0.7
5292,0.6
5293,0.7
5294,0.5
5295,0.9
5296,0.8
5297,0.8
5298,0.6
5299,0.6
5300,1.4
5301,2.1
5302,2.2
5303,2.1
5304,2.1
5305,2.1
5306,2.1
5307,2
5308,1.9
5309,1.9
5310,0.5
5311,0.4
5312,0.4
5313,0.5
5314,0.4
5315,0.5
5316,0.4
5317,0.7
5318,0.5
5319,0.4
5320,0.5
5321,0.4
5322,0.5
5323,0.4
5324,0.6
5325,2.1
5326,1.9
5327,2
5328,1.7
5329,1.8
5330,1.8
5331,1.7
5332,1.7
5333,1.7
5334,0.6
5335,0.7
5336,0.7
5337,0.5
5338,0.5
5339,0.4
5340,0.5
5341,0.5
5342,0.3
5343,0.2
5344,0.3
5345,0.3
5346,0.6
5347,0.7
5348,1.6
5349,2.1
5350,2.2
5351,1.7
5352,1.8
5353,1.7
5354,1.8
5355,1.8
5356,1.7
5357,1.8
5358,1.6
5359,1.5
5360,0.3
5361,0.3
5362,0.2
5363,0.3
5364,0.3
5365,0.3
5366,0.3
5367,0.2
5368,0.3
5369,0.2
5370,0.3
5371,0.3
5372,2
5373,1.8
5374,1.8
5375,1.8
5376,1.7
5377,1.8
5378,1.7
5379,1.8
5380,1.7
5381,1.8
5382,0.3
5383,0.3
5384,0.2
5385,0.2
5386,0.3
5387,0.2
5388,0.3
5389,0.2
5390,0.3
5391,0.2
5392,0.3
5393,0.3
5394,0.2
5395,0.2
5396,1
5397,1.8
5398,1.8
5399,1.7
5400,1.8
5401,1.8
5402,1.8
5403,1.8
5404,1.8
5405,1.6
5406,0.2
5407,0.3
5408,0.2
5409,0.2
5410,0.4
5411,0.5
5412,0.4
5413,0.2
5414,0.3
5415,0.2
5416,0.3
5417,0.2
5418,0.3
5419,0.2
5420,1
5421,1.8
5422,1.7
5423,1.7
5424,1.8
5425,1.7
5426,1.8
5427,1.7
5428,1.7
5429,1.5
5430,0.2
5431,0.2
5432,0.3
5433,0.2
5434,0.3
5435,0.3
5436,0.3
5437,0.2
5438,0.3
5439,0.2
5440,0.3
5441,0.3
5442,0.2
5443,0.2
5444,1.3
5445,1.8
5446,1.7
5447,1.8
5448,1.7
5449,1.7
5450,1.8
5451,1.7
5452,1.8
5453,1.7
5454,1.2
5455,0.3
5456,0.2
5457,0.2
5458,0.3
5459,0.3
5460,0.2
5461,0.3
5462,0.2
5463,0.3
5464,0.2
5465,0.3
5466,0.3
5467,0.2
5468,0.7
5469,1.8
5470,1.7
5471,1.8
5472,1.7
5473,1.8
5474,1.8
5475,1.7
5476,1.8
5477,1.5
5478,0.2
5479,0.3
5480,0.2
5481,0.3
5482,0.3
5483,0.3
5484,0.3
5485,0.3
5486,0.2
5487,0.2
5488,0.3
5489,0.3
5490,0.3
5491,0.5
5492,1.2
5493,2.3
5494,2.1
5495,2
5496,2.1
5497,2
5498,1.8
5499,1.8
5500,1.8
5501,1.8
5502,1.7
5503,0.2
5504,0.3
5505,0.2
5506,0.3
5507,0.3
5508,0.8
5509,0.7
5510,0.7
5511,0.7
5512,0.3
5513,0.4
5514,0.3
5515,0.3
5516,1.1
5517,1.9
5518,1.8
5519,1.9
5520,1.8
5521,1.8
5522,1.9
5523,1.8
5524,1.8
5525,1.8
5526,0.4
5527,0.2
5528,0.3
5529,0.3
5530,0.2
5531,0.3
5532,0.3
5533,0.3
5534,0.2
5535,0.4
5536,0.3
5537,0.3
5538,0.3
5539,0.2
5540,1.6
5541,1.9
5542,1.8
5543,1.8
5544,1.8
5545,1.9
5546,1.8
5547,1.8
5548,1.8
5549,1.9
5550,1.8
5551,1
5552,0.3
5553,0.2
5554,0.3
5555,0.3
5556,0.3
5557,0.3
5558,0.3
5559,0.3
5560,0.5
5561,0.3
5562,0.3
5563,0.4
5564,1.2
5565,2
5566,2
5567,1.9
5568,2
5569,2
5570,2
5571,2
5572,2
5573,2
5574,1.6
5575,0.3
5576,0.3
5577,0.3
5578,0.3
5579,0.4
5580,0.4
5581,0.3
5582,0.3
5583,0.4
5584,0.4
5585,0.4
5586,0.3
5587,0.3
5588,1.3
5589,1.8
5590,1.9
5591,1.9
5592,1.8
5593,1.9
5594,1.8
5595,1.9
5596,1.8
5597,1.9
5598,1.5
5599,0.7
5600,0.3
5601,0.3
5602,0.3
5603,0.4
5604,0.3
5605,0.3
5606,0.3
5607,0.3
5608,0.5
5609,0.4
5610,0.4
5611,0.3
5612,1.2
5613,1.9
5614,1.9
5615,1.8
5616,1.9
5617,1.8
5618,1.9
5619,1.8
5620,1.9
5621,1.8
5622,1
5623,0.3
5624,0.3
5625,0.3
5626,0.3
5627,0.3
5628,0.3
5629,0.3
5630,0.3
5631,0.5
5632,0.4
5633,0.3
5634,0.3
5635,0.3
5636,1.6
5637,1.9
5638,1.9
5639,1.9
5640,1.9
5641,1.9
5642,1.9
5643,1.8
5644,1.9
5645,1.8
5646,0.5
5647,0.3
5648,0.4
5649,0.3
5650,0.3
5651,0.3
5652,1
5653,0.9
5654,1
5655,0.9
5656,1
5657,0.9
5658,1
5659,1
5660,0.9
5661,1
5662,0.9
5663,1
5664,0.9
5665,1
5666,1.8
5667,1.8
5668,1.8
5669,1.7
5670,1.8
5671,1.9
5672,1
5673,0.3
5674,0.2
5675,0.3
5676,0.2
5677,0.3
5678,0.3
5679,0.4
5680,0.3
5681,0.4
5682,0.8
5683,2
5684,2.2
5685,2
5686,1.9
5687,1.8
5688,1.8
5689,1.9
5690,1.9
5691,1.8
5692,1.9
5693,1.9
5694,1.8
5695,1.2
5696,0.3
5697,0.2
5698,0.3
5699,0.2
5700,0.7
5701,0.3
5702,0.3
5703,0.2
5704,0.3
5705,0.3
5706,0.3
5707,0.6
5708,2.2
5709,1.9
5710,1.9
5711,1.8
5712,1.8
5713,1.9
5714,1.8
5715,1.9
5716,1.8
5717,1.9
5718,0.9
5719,0.3
5720,0.3
5721,0.3
5722,0.3
5723,0.3
5724,0.3
5725,0.3
5726,0.3
5727,0.3
5728,0.3
5729,0.3
5730,0.4
5731,0.3
5732,1.7
5733,1.8
5734,1.8
5735,1.8
5736,1.8
5737,1.8
5738,1.9
5739,1.8
5740,1.8
5741,1.8
5742,1.3
5743,0.4
5744,0.3
5745,0.3
5746,0.3
5747,0.3
5748,0.3
5749,0.3
5750,0.3
5751,0.4
5752,0.4
5753,0.3
5754,0.3
5755,0.4
5756,1.6
5757,1.8
5758,1.9
5759,1.8
5760,1.8
5761,1.8
5762,1.8
5763,1.8
5764,1.8
5765,1.9
5766,0.8
5767,0.3
5768,0.3
5769,0.3
5770,0.4
5771,0.3
5772,0.3
5773,0.3
5774,0.3
5775,0.8
5776,0.3
5777,0.3
5778,0.3
5779,0.5
5780,1.8
5781,1.9
5782,1.9
5783,1.8
5784,1.9
5785,1.8
5786,1.8
5787,1.8
5788,1.8
5789,1.8
5790,0.9
5791,0.3
5792,0.3
5793,0.3
5794,0.3
5795,0.4
5796,0.3
5797,0.3
5798,0.3
5799,0.3
5800,0.5
5801,0.3
5802,0.3
5803,0.5
5804,1.8
5805,1.8
5806,1.8
5807,1.8
5808,1.8
5809,1.8
5810,1.8
5811,1.8
5812,1.8
5813,1.8
5814,0.8
5815,0.3
5816,0.3
5817,0.4
5818,0.3
5819,0.3
5820,0.3
5821,0.3
5822,0.3
5823,0.3
5824,0.3
5825,0.6
5826,0.3
5827,0.8
5828,1.9
5829,1.9
5830,1.8
5831,1.9
5832,1.8
5833,1.8
5834,1.8
5835,1.8
5836,1.8
5837,1.8
5838,1.5
5839,0.3
5840,0.3
5841,0.3
5842,0.3
5843,0.3
5844,0.4
5845,0.3
5846,0.4
5847,0.4
5848,0.3
5849,0.4
5850,0.3
5851,0.5
5852,1.8
5853,1.9
5854,2
5855,2.1
5856,2
5857,1.9
5858,2
5859,1.9
5860,2
5861,2
5862,1.1
5863,0.5
5864,0.5
5865,0.4
5866,0.5
5867,0.5
5868,0.3
5869,0.3
5870,0.3
5871,0.6
5872,0.6
5873,0.5
5874,0.3
5875,1.7
5876,2.1
5877,2
5878,1.9
5879,1.8
5880,1.9
5881,1.8
5882,1.7
5883,1.9
5884,1.8
5885,1.8
5886,1.4
5887,0.3
5888,0.3
5889,0.3
5890,0.4
5891,0.5
5892,0.3
5893,0.3
5894,0.4
5895,0.4
5896,0.3
5897,0.3
5898,0.3
5899,1.3
5900,1.9
5901,1.8
5902,1.8
5903,1.9
5904,1.8
5905,1.8
5906,1.8
5907,1.8
5908,1.8
5909,1.8
5910,1.5
5911,0.3
5912,0.3
5913,0.3
5914,0.3
5915,0.3
5916,0.8
5917,0.5
5918,0.5
5919,0.4
5920,0.4
5921,0.7
5922,0.4
5923,0.8
5924,1.8
5925,2.1
5926,2
5927,2
5928,1.9
5929,2
5930,1.8
5931,1.8
5932,1.8
5933,1.9
5934,1.5
5935,0.4
5936,0.3
5937,0.3
5938,0.4
5939,0.3
5940,0.3
5941,0.4
5942,0.3
5943,0.3
5944,0.5
5945,0.3
5946,0.3
5947,0.6
5948,1.9
5949,1.9
5950,1.9
5951,1.9
5952,1.8
5953,1.8
5954,1.8
5955,1.8
5956,1.8
5957,1.8
5958,1.9
5959,0.7
5960,0.3
5961,0.3
5962,0.3
5963,0.4
5964,0.3
5965,0.3
5966,0.3
5967,0.6
5968,0.4
5969,0.3
5970,0.3
5971,0.7
5972,1.8
5973,1.9
5974,1.8
5975,1.8
5976,1.8
5977,1.8
5978,1.7
5979,1.8
5980,1.8
5981,1.9
5982,1.2
5983,0.3
5984,0.3
5985,0.3
5986,0.3
5987,0.4
5988,0.3
5989,0.3
5990,0.3
5991,0.4
5992,0.3
5993,0.5
5994,0.4
5995,0.9
5996,1.8
5997,1.8
5998,1.8
5999,1.8
6000,1.8
6001,1.8
6002,1.8
6003,1.8
6004,1.8
6005,1.8
6006,1.9
6007,0.6
6008,0.4
6009,0.3
6010,0.3
6011,0.3
6012,0.4
6013,0.4
6014,0.3
6015,0.6
6016,0.3
6017,0.4
6018,0.3
6019,1
6020,1.9
6021,1.9
6022,1.8
6023,1.9
6024,1.8
6025,1.9
6026,1.8
6027,1.9
6028,1.8
6029,1.8
6030,1.5
6031,0.3
6032,0.3
6033,0.3
6034,0.3
6035,0.4
6036,0.4
6037,0.6
6038,0.6
6039,0.5
6040,0.5
6041,0.5
6042,0.5
6043,1.4
6044,2
6045,2
6046,2
6047,2
6048,2
6049,1.9
6050,1.9
6051,1.8
6052,1.8
6053,1.8
6054,1.8
6055,1
6056,0.3
6057,0.3
6058,0.4
6059,0.4
6060,0.3
6061,0.4
6062,0.4
6063,0.4
6064,0.4
6065,0.4
6066,0.6
6067,1.7
6068,1.9
6069,1.8
6070,1.8
6071,1.8
6072,1.8
6073,1.9
6074,1.8
6075,1.8
6076,1.8
6077,1.8
6078,1.9
6079,1.3
6080,0.3
6081,0.3
6082,0.4
6083,0.3
6084,0.4
6085,0.4
6086,0.3
6087,0.6
6088,0.3
6089,0.8
6090,1.6
6091,1.8
6092,1.9
6093,1.8
6094,1.9
6095,1.9
6096,2
6097,1.9
6098,2
6099,1.9
6100,2
6101,1.9
6102,2
6103,1.5
6104,0.5
6105,0.3
6106,0.3
6107,0.3
6108,0.4
6109,0.3
6110,0.3
6111,0.4
6112,0.5
6113,0.3
6114,0.3
6115,1.2
6116,1.8
6117,1.8
6118,1.8
6119,1.8
6120,1.8
6121,1.8
6122,1.8
6123,1.8
6124,1.8
6125,1.8
6126,1.8
6127,0.3
6128,0.3
6129,0.3
6130,0.3
6131,0.4
6132,0.4
6133,0.3
6134,0.3
6135,0.5
6136,0.4
6137,0.3
6138,0.3
6139,1.2
6140,1.8
6141,1.8
6142,1.9
6143,1.8
6144,1.8
6145,1.8
6146,1.8
6147,1.8
6148,1.8
6149,1.8
6150,1.7
6151,0.3
6152,0.3
6153,0.3
6154,0.3
6155,0.3
6156,0.4
6157,0.3
6158,0.4
6159,0.3
6160,0.3
6161,0.6
6162,0.3
6163,1.4
6164,1.9
6165,1.8
6166,1.9
6167,1.9
6168,1.8
6169,1.9
6170,1.8
6171,1.8
6172,1.8
6173,1.9
6174,1.8
6175,1.8
6176,0.6
6177,0.3
6178,0.3
6179,0.3
6180,0.3
6181,0.3
6182,0.3
6183,0.5
6184,0.3
6185,0.4
6186,0.3
6187,1.3
6188,1.8
6189,1.8
6190,1.9
6191,1.8
6192,1.8
6193,1.8
6194,1.7
6195,1.9
6196,1.8
6197,1.8
6198,1.8
6199,0.4
6200,0.3
6201,0.4
6202,0.3
6203,0.3
6204,0.3
6205,0.3
6206,0.3
6207,0.3
6208,0.4
6209,0.3
6210,0.4
6211,1.8
6212,1.9
6213,1.8
6214,1.8
6215,1.8
6216,1.9
6217,1.8
6218,1.8
6219,1.8
6220,1.8
6221,1.7
6222,1.8
6223,0.3
6224,0.2
6225,0.3
6226,0.2
6227,0.3
6228,0.3
6229,0.3
6230,0.4
6231,0.3
6232,0.3
6233,0.3
6234,0.3
6235,1.8
6236,1.9
6237,1.8
6238,1.8
6239,1.7
6240,1.8
6241,1.8
6242,1.7
6243,1.8
6244,1.8
6245,1.7
6246,1.8
6247,0.5
6248,0.2
6249,0.3
6250,0.3
6251,0.2
6252,0.3
6253,0.3
6254,0.3
6255,0.2
6256,0.3
6257,0.3
6258,1.1
6259,1.8
6260,1.8
6261,1.8
6262,1.8
6263,1.9
6264,1.8
6265,1.8
6266,1.8
6267,1.8
6268,1.8
6269,1.9
6270,1.7
6271,0.9
6272,0.3
6273,0.3
6274,0.3
6275,0.2
6276,0.3
6277,0.3
6278,0.3
6279,0.3
6280,0.4
6281,0.2
6282,1.3
6283,1.8
6284,1.7
6285,1.8
6286,1.8
6287,1.7
6288,1.8
6289,0.9
6290,0.8
6291,0.9
6292,0.8
6293,0.9
6294,0.8
6295,0.9
6296,0.8
6297,0.9
6298,0.9
6299,0.8
6300,0.9
6301,0.8
6302,0.9
6303,0.8
6304,0.9
6305,0.8
6306,0.9
6307,1.249
6308,1.788
6309,1.753
6310,1.774
6311,1.783
6312,1.776
6313,1.789
6314,1.753
6315,1.775
6316,1.777
6317,1.762
6318,1.774
6319,1.323
6320,0.279
6321,0.248
6322,0.256
6323,0.303
6324,0.303
6325,0.323
6326,0.313
6327,0.397
6328,0.412
6329,0.593
6330,0.785
6331,1.776
6332,1.788
6333,1.805
6334,1.781
6335,1.751
6336,1.744
6337,1.752
6338,1.755
6339,1.779
6340,1.76
6341,1.754
6342,1.762
6343,1.796
6344,0.827
6345,0.274
6346,0.255
6347,0.267
6348,0.277
6349,0.262
6350,0.401
6351,0.276
6352,0.292
6353,0.277
6354,0.302
6355,1.82
6356,1.841
6357,1.817
6358,1.811
6359,1.76
6360,1.753
6361,1.753
6362,1.769
6363,1.776
6364,1.767
6365,1.764
6366,1.77
6367,0.8
6368,0.268
6369,0.265
6370,0.266
6371,0.336
6372,0.264
6373,0.253
6374,0.329
6375,0.265
6376,0.316
6377,0.508
6378,0.439
6379,1.808
6380,1.788
6381,1.787
6382,1.766
6383,1.755
6384,1.751
6385,1.754
6386,1.748
6387,1.759
6388,1.758
6389,1.758
6390,1.744
6391,0.749
6392,0.254
6393,0.262
6394,0.261
6395,0.265
6396,0.308
6397,0.26
6398,0.266
6399,0.33
6400,0.257
6401,0.265
6402,0.838
6403,1.802
6404,1.794
6405,1.755
6406,1.794
6407,1.765
6408,1.759
6409,1.755
6410,1.76
6411,1.769
6412,1.764
6413,1.759
6414,1.767
6415,0.898
6416,0.262
6417,0.26
6418,0.26
6419,0.278
6420,0.275
6421,0.262
6422,0.305
6423,0.273
6424,0.381
6425,0.426
6426,0.673
6427,1.774
6428,1.766
6429,1.744
6430,1.762
6431,1.772
6432,1.75
6433,1.752
6434,1.758
6435,1.753
6436,1.728
6437,1.729
6438,1.758
6439,1.548
6440,0.912
6441,0.26
6442,0.266
6443,0.275
6444,0.274
6445,0.282
6446,0.272
6447,0.343
6448,0.336
6449,0.27
6450,0.538
6451,1.772
6452,1.775
6453,1.772
6454,1.804
6455,1.76
6456,1.771
6457,1.773
6458,1.757
6459,1.76
6460,1.75
6461,1.754
6462,1.778
6463,1.201
6464,0.27
6465,0.266
6466,0.271
6467,0.286
6468,0.272
6469,0.276
6470,0.271
6471,0.359
6472,0.302
6473,0.274
6474,0.594
6475,1.86
6476,1.888
6477,1.841
6478,1.82
6479,1.812
6480,1.819
6481,1.824
6482,1.824
6483,1.767
6484,1.737
6485,1.735
6486,1.736
6487,1.075
6488,0.289
6489,0.276
6490,0.374
6491,0.318
6492,0.277
6493,0.281
6494,0.292
6495,0.286
6496,0.28
6497,0.51
6498,1.81
6499,1.868
6500,1.796
6501,1.76
6502,1.757
6503,1.75
6504,1.742
6505,1.744
6506,1.763
6507,1.777
6508,1.758
6509,1.751
6510,1.755
6511,1.648
6512,0.96
6513,0.259
6514,0.254
6515,0.274
6516,0.278
6517,0.289
6518,0.292
6519,0.302
6520,0.66
6521,1.468
6522,1.802
6523,1.812
6524,1.795
6525,1.789
6526,1.775
6527,1.783
6528,1.772
6529,1.769
6530,1.771
6531,1.791
6532,1.776
6533,1.771
6534,1.764
6535,1.362
6536,0.258
6537,0.283
6538,0.315
6539,0.335
6540,0.281
6541,0.282
6542,0.274
6543,0.279
6544,0.266
6545,0.268
6546,1.171
6547,1.883
6548,1.817
6549,1.771
6550,1.767
6551,1.744
6552,1.752
6553,1.766
6554,1.775
6555,1.775
6556,1.78
6557,1.773
6558,1.788
6559,1.178
6560,0.264
6561,0.258
6562,0.264
6563,0.261
6564,0.339
6565,0.279
6566,0.296
6567,0.274
6568,0.311
6569,0.281
6570,0.829
6571,1.793
6572,1.824
6573,1.789
6574,1.839
6575,1.783
6576,1.768
6577,1.754
6578,1.757
6579,1.782
6580,1.775
6581,1.769
6582,1.792
6583,1.548
6584,0.263
6585,0.262
6586,0.257
6587,0.265
6588,0.392
6589,0.298
6590,0.286
6591,0.4
6592,0.277
6593,0.269
6594,1.036
6595,1.779
6596,1.788
6597,1.792
6598,1.755
6599,1.784
6600,1.786
6601,1.764
6602,1.761
6603,1.785
6604,1.783
6605,1.773
6606,1.78
6607,1.808
6608,1.646
6609,0.269
6610,0.269
6611,0.268
6612,0.265
6613,0.263
6614,0.281
6615,0.429
6616,0.268
6617,0.263
6618,1.254
6619,1.866
6620,1.812
6621,1.812
6622,1.776
6623,1.776
6624,1.778
6625,1.79
6626,1.781
6627,1.785
6628,1.774
6629,1.785
6630,1.784
6631,1.373
6632,0.269
6633,0.328
6634,0.342
6635,0.273
6636,0.282
6637,0.296333333
6638,0.310666667
6639,0.325
6640,0.391
6641,0.361
6642,1.358
6643,1.775
6644,1.776
6645,1.776
6646,1.776
6647,1.776
6648,1.776
6649,1.776
6650,1.776
6651,1.776
6652,1.772
6653,1.779
6654,1.767
6655,1.498
6656,0.309
6657,0.433
6658,0.271
6659,0.267
6660,0.327
6661,0.277
6662,0.277
6663,0.26
6664,0.264
6665,0.514
6666,1.233
6667,1.804
6668,1.81
6669,1.81
6670,1.789
6671,1.8
6672,1.8
6673,1.793
6674,1.801
6675,1.804
6676,1.783
6677,1.789
6678,1.789
6679,1.847
6680,1.158
6681,0.269
6682,0.276
6683,0.263
6684,0.328
6685,0.265
6686,0.253
6687,0.277
6688,0.37
6689,0.274
6690,1.599
6691,1.809
6692,1.802
6693,1.808
6694,1.807
6695,1.812
6696,1.809
6697,1.808
6698,1.799
6699,1.795
6700,1.793
6701,1.792
6702,1.793
6703,1.563
6704,0.252
6705,0.244
6706,0.27
6707,0.259
6708,0.264
6709,0.273
6710,0.256
6711,0.264
6712,0.268
6713,0.265
6714,1.531
6715,1.826
6716,1.833
6717,1.812
6718,1.819
6719,1.803
6720,1.794
6721,1.797
6722,1.802
6723,1.803
6724,1.803
6725,1.805
6726,1.808
6727,1.509
6728,0.261
6729,0.257
6730,0.266
6731,0.369
6732,0.268
6733,0.398
6734,0.359
6735,0.283
6736,0.261
6737,0.262
6738,1.344
6739,1.825
6740,1.813
6741,1.824
6742,1.815
6743,1.816
6744,1.807
6745,1.782
6746,1.786
6747,1.787
6748,1.782
6749,1.804
6750,1.799
6751,1.706
6752,0.262
6753,0.263
6754,0.244
6755,0.27
6756,0.269
6757,0.274
6758,0.337
6759,0.3
6760,0.271
6761,0.376
6762,1.636
6763,1.832
6764,1.801
6765,1.795
6766,1.794
6767,1.8
6768,1.785
6769,1.782
6770,1.779
6771,1.786
6772,1.78
6773,1.786
6774,1.823
6775,1.532
6776,0.264
6777,0.264
6778,0.269
6779,0.272
6780,0.271
6781,0.269
6782,0.275
6783,0.42
6784,1.224
6785,1.824
6786,1.824
6787,1.799
6788,1.808
6789,1.792
6790,1.798
6791,1.792
6792,1.792
6793,1.788
6794,1.797
6795,1.796
6796,1.801
6797,1.788
6798,1.802
6799,1.806
6800,1.831
6801,0.269
6802,0.28
6803,0.291
6804,0.354
6805,0.283
6806,0.278
6807,0.29
6808,0.364
6809,0.288
6810,1.699
6811,1.83
6812,1.809
6813,1.787
6814,1.796
6815,1.807
6816,1.804
6817,1.806
6818,1.793
6819,1.799
6820,1.795
6821,1.784
6822,1.809
6823,1.763
6824,0.263
6825,0.27
6826,0.261
6827,0.262
6828,0.265
6829,0.273
6830,0.315
6831,0.261
6832,0.404
6833,0.263
6834,1.638
6835,1.849
6836,1.882
6837,1.84
6838,1.858
6839,1.833
6840,1.855
6841,1.819
6842,1.785
6843,1.799
6844,1.802
6845,1.792
6846,1.815
6847,1.837
6848,1.021
6849,0.246
6850,0.265
6851,0.259
6852,0.268
6853,0.265
6854,0.248
6855,0.379
6856,0.603
6857,1.708
6858,1.802
6859,1.824
6860,1.804
6861,1.773
6862,1.769
6863,1.773
6864,1.791
6865,1.791
6866,1.796
6867,1.798
6868,1.801
6869,1.804
6870,1.805
6871,1.78
6872,0.467
6873,0.259
6874,0.277
6875,0.263
6876,0.275
6877,0.279
6878,0.257
6879,0.261
6880,0.258
6881,0.352
6882,1.811
6883,1.8
6884,1.9
6885,1.821
6886,1.78
6887,1.777
6888,1.779
6889,1.787
6890,1.789
6891,1.796
6892,1.795
6893,1.8
6894,1.797
6895,1.794
6896,0.606
6897,0.262
6898,0.259
6899,0.26
6900,0.262
6901,0.269
6902,0.292
6903,0.283
6904,0.442
6905,0.426
6906,1.877
6907,1.83
6908,1.928
6909,1.893
6910,1.805
6911,1.815
6912,1.816
6913,1.817
6914,1.81
6915,1.82
6916,1.787
6917,1.789
6918,1.821
6919,1.83
6920,0.37
6921,0.264
6922,0.267
6923,0.266
6924,0.278
6925,0.267
6926,0.265
6927,0.364
6928,0.338
6929,0.467
6930,1.821
6931,1.825
6932,1.811
6933,1.834
6934,1.802
6935,1.79
6936,1.782
6937,1.781
6938,1.776
6939,1.806
6940,1.799
6941,1.799
6942,1.802
6943,1.846
6944,0.653
6945,0.27
6946,0.277
6947,0.297
6948,0.26
6949,0.268
6950,0.282
6951,0.287
6952,0.279
6953,0.557
6954,1.806
6955,1.817
6956,1.799
6957,1.799
6958,1.811
6959,1.806
6960,1.788
6961,1.787
6962,1.785
6963,1.794
6964,1.801
6965,1.806
6966,1.809
6967,1.808
6968,0.453
6969,0.26
6970,0.259
6971,0.307
6972,0.292
6973,0.296
6974,0.318
6975,0.258
6976,0.421
6977,0.774
6978,1.8
6979,1.806
6980,1.821
6981,1.804
6982,1.8
6983,1.782
6984,1.786
6985,1.786
6986,1.785
6987,1.786
6988,1.786
6989,1.792
6990,1.795
6991,1.821
6992,0.615
6993,0.266
6994,0.273
6995,0.262
6996,0.271
6997,0.287
6998,0.276
6999,0.265
7000,0.27
7001,1.156
7002,1.824
7003,1.816
7004,1.812
7005,1.815
7006,1.818
7007,1.813
7008,1.819
7009,1.799
7010,1.791
7011,1.813
7012,1.778
7013,1.79
7014,1.78
7015,1.795
7016,0.631
7017,0.263
7018,0.264
7019,0.274
7020,0.265
7021,0.261
7022,0.267
7023,0.313
7024,0.339
7025,1.089
7026,1.813
7027,1.826
7028,1.825
7029,1.845
7030,1.791
7031,1.809
7032,1.793
7033,1.788
7034,1.788
7035,1.792
7036,1.776
7037,1.764
7038,1.772
7039,1.772
7040,1.808
7041,0.264
7042,0.265
7043,0.268
7044,0.283
7045,0.268
7046,0.269
7047,0.267
7048,0.82
7049,1.832
7050,1.828
7051,1.812
7052,1.838
7053,1.81
7054,1.805
7055,1.821
7056,1.783
7057,1.797
7058,1.808
7059,1.802
7060,1.87
7061,1.861
7062,1.867
7063,1.887
7064,1.288
7065,0.242
7066,0.256
7067,0.27
7068,0.267
7069,0.267
7070,0.278
7071,0.261
7072,0.281
7073,1.822
7074,1.927
7075,1.823
7076,1.797
7077,1.782
7078,1.772
7079,1.783
7080,1.783
7081,1.781
7082,1.78
7083,1.785
7084,1.783
7085,1.782
7086,1.789
7087,1.837
7088,1.675
7089,0.267
7090,0.417
7091,0.33
7092,0.272
7093,0.275
7094,0.259
7095,0.289
7096,0.391
7097,1.817
7098,1.816
7099,1.859
7100,1.806
7101,1.819
7102,1.797
7103,1.795
7104,1.798
7105,1.793
7106,1.794
7107,1.807
7108,1.804
7109,1.786
7110,1.794
7111,1.795
7112,1.203
7113,0.257
7114,0.265
7115,0.266
7116,0.278
7117,0.275
7118,0.267
7119,0.387
7120,0.27
7121,1.466
7122,1.903
7123,2.03
7124,1.83
7125,1.793
7126,1.825
7127,1.815
7128,1.809
7129,1.811
7130,1.811
7131,1.813
7132,1.807
7133,1.801
7134,1.793
7135,1.82
7136,1.847
7137,0.267
7138,0.263
7139,0.266
7140,0.285
7141,0.277
7142,0.266
7143,0.414
7144,0.475
7145,1.82
7146,1.834
7147,1.853
7148,1.834
7149,1.816
7150,1.83
7151,1.817
7152,1.81
7153,1.798
7154,1.802
7155,1.808
7156,1.804
7157,1.806
7158,1.801
7159,1.824
7160,1.406
7161,0.261
7162,0.265
7163,0.257
7164,0.301
7165,0.305
7166,0.284
7167,0.27
7168,0.267
7169,2.14
7170,1.806
7171,1.818
7172,2.177
7173,1.909
7174,1.815
7175,1.796
7176,1.793
7177,1.777
7178,1.77
7179,1.796
7180,1.796
7181,1.779
7182,1.798
7183,1.805
7184,1.562
7185,0.244
7186,0.248
7187,0.27
7188,0.273
7189,0.263
7190,0.279
7191,0.413
7192,0.28
7193,1.584
7194,1.788
7195,1.809
7196,1.88
7197,1.896
7198,1.87
7199,1.798
7200,1.793
7201,1.797
7202,1.81
7203,1.791
7204,1.806
7205,1.814
7206,1.81
7207,1.805
7208,1.576
7209,0.261
7210,0.261
7211,0.273
7212,0.331
7213,0.284
7214,0.265
7215,0.269
7216,0.27
7217,1.835
7218,1.829
7219,1.816
7220,1.89
7221,1.81
7222,1.799
7223,1.802
7224,1.803
7225,1.793
7226,1.792
7227,1.794
7228,1.798
7229,1.793
7230,1.79
7231,1.804
7232,1.267
7233,0.259
7234,0.261
7235,0.26
7236,0.265
7237,0.266
7238,0.277
7239,0.525
7240,0.773
7241,1.036
7242,1.826
7243,1.826
7244,1.85
7245,1.836
7246,1.805
7247,1.807
7248,1.807
7249,1.809
7250,1.802
7251,1.807
7252,1.806
7253,1.796
7254,1.786
7255,1.781
7256,1.838
7257,1.157
7258,0.261
7259,0.281
7260,0.302
7261,0.293
7262,0.261
7263,0.257
7264,0.747
7265,2
7266,1.784
7267,1.807
7268,1.876
7269,1.926
7270,1.812
7271,1.797
7272,1.804
7273,1.791
7274,1.788
7275,1.791
7276,1.783
7277,1.781
7278,1.771
7279,1.804
7280,1.745
7281,0.345
7282,0.285
7283,0.317
7284,0.312
7285,0.31
7286,0.264
7287,0.271
7288,0.425
7289,1.821
7290,1.82
7291,1.817
7292,2.079
7293,1.879
7294,1.783
7295,1.788
7296,1.784
7297,1.772
7298,1.773
7299,1.776
7300,1.796
7301,1.788
7302,1.787
7303,1.798
7304,1.178
7305,0.328
7306,0.273
7307,0.318
7308,0.256
7309,0.268
7310,0.322
7311,0.268
7312,0.482
7313,1.496
7314,1.821
7315,1.81
7316,1.806
7317,1.824
7318,1.971
7319,1.837
7320,1.825
7321,1.797
7322,1.781
7323,1.774
7324,1.804
7325,1.816
7326,1.816
7327,1.808
7328,1.833
7329,1.134
7330,0.287
7331,0.294
7332,0.433
7333,0.322
7334,0.298
7335,0.33
7336,0.299
7337,2.149
7338,1.846
7339,1.832
7340,2.092
7341,2.127
7342,2.003
7343,1.971
7344,1.972
7345,1.947
7346,1.952
7347,1.947
7348,1.954
7349,1.95
7350,1.955
7351,1.959
7352,2.04
7353,1.327
7354,0.434
7355,0.447
7356,0.44
7357,0.449
7358,0.447
7359,0.441
7360,0.582
7361,1.658
7362,1.98
7363,1.98
7364,2.036
7365,2.069
7366,1.997
7367,1.995
7368,1.968
7369,1.934
7370,1.929
7371,1.946
7372,1.976
7373,1.96
7374,1.962
7375,1.965
7376,1.959
7377,1.016
7378,0.426
7379,0.442
7380,0.461
7381,0.465
7382,0.548
7383,0.541
7384,0.612
7385,1.971
7386,1.983
7387,1.962
7388,2.006
7389,2.037
7390,2.003
7391,1.969
7392,1.972
7393,1.952
7394,1.951
7395,1.946
7396,1.936
7397,1.914
7398,1.797
7399,1.792
7400,1.8
7401,0.284
7402,0.295
7403,0.294
7404,0.297
7405,0.553
7406,0.446
7407,0.316
7408,0.291
7409,1.831
7410,1.831
7411,1.826
7412,1.855
7413,1.902
7414,1.833
7415,1.808
7416,1.806
7417,1.821
7418,1.811
7419,1.813
7420,1.802
7421,1.809
7422,1.804
7423,1.812
7424,1.862
7425,0.811
7426,0.285
7427,0.277
7428,0.28
7429,0.367
7430,0.282
7431,0.296
7432,0.341
7433,1.967
7434,1.828
7435,1.839
7436,1.811
7437,1.872
7438,1.82
7439,1.812
7440,1.829
7441,1.832
7442,1.799
7443,1.778
7444,1.791
7445,1.781
7446,1.803
7447,1.801
7448,1.841
7449,0.569
7450,0.296
7451,0.292
7452,0.342
7453,0.318
7454,0.297
7455,0.286
7456,0.457
7457,1.889
7458,1.879
7459,1.797
7460,1.824
7461,1.883
7462,1.812
7463,1.828
7464,1.816
7465,1.809
7466,1.816
7467,1.812
7468,1.822
7469,1.806
7470,1.812
7471,1.81
7472,1.835
7473,0.526
7474,0.28
7475,0.332
7476,0.298
7477,0.288
7478,0.368
7479,0.287
7480,0.483
7481,1.843
7482,1.829
7483,1.85
7484,1.803
7485,1.832
7486,1.823
7487,1.831
7488,1.827
7489,1.817
7490,1.812
7491,1.787
7492,1.807
7493,1.796
7494,1.789
7495,1.818
7496,1.836
7497,1.417
7498,0.283
7499,0.284
7500,0.334
7501,0.3
7502,0.283
7503,0.296
7504,0.311
7505,1.829
7506,2.251
7507,1.836
7508,1.837
7509,1.85
7510,2.064
7511,2
7512,1.92
7513,1.817
7514,1.801
7515,1.789
7516,1.805
7517,1.805
7518,1.82
7519,1.807
7520,1.852
7521,0.452
7522,0.286
7523,0.289
7524,0.285
7525,0.286
7526,0.285
7527,0.287
7528,0.72
7529,1.854
7530,1.852
7531,1.854
7532,1.822
7533,1.88
7534,1.843
7535,1.813
7536,1.798
7537,1.801
7538,1.814
7539,1.833
7540,1.834
7541,1.834
7542,1.838
7543,1.849
7544,1.846
7545,0.83
7546,0.284
7547,0.276
7548,0.295
7549,0.335
7550,0.361
7551,0.307
7552,0.298
7553,1.874
7554,1.844
7555,1.818
7556,1.851
7557,1.84
7558,1.883
7559,1.849
7560,1.827
7561,1.839
7562,1.827
7563,1.835
7564,1.839
7565,1.834
7566,1.833
7567,1.814
7568,1.793
7569,0.276
7570,0.283
7571,0.291
7572,0.304
7573,0.296
7574,0.281
7575,0.274
7576,0.296
7577,1.857
7578,1.838
7579,1.845
7580,1.82
7581,1.841
7582,1.837
7583,1.831
7584,1.81
7585,1.808
7586,1.803
7587,1.829
7588,1.827
7589,1.823
7590,1.82
7591,1.814
7592,1.861
7593,1.085
7594,0.289
7595,0.288
7596,0.343
7597,0.323
7598,0.29
7599,0.291
7600,0.498
7601,1.958
7602,1.866
7603,1.836
7604,1.907
7605,2.054
7606,1.998
7607,1.848
7608,1.856
7609,1.805
7610,1.808
7611,1.807
7612,1.814
7613,1.809
7614,1.803
7615,1.797
7616,1.844
7617,0.806
7618,0.264
7619,0.263
7620,0.272
7621,0.302
7622,0.268
7623,0.27
7624,0.549
7625,1.839
7626,1.936
7627,1.834
7628,1.902
7629,1.953
7630,1.819
7631,1.802
7632,1.795
7633,1.786
7634,1.801
7635,1.797
7636,1.795
7637,1.791
7638,1.797
7639,1.802
7640,1.852
7641,0.909
7642,0.263
7643,0.264
7644,0.268
7645,0.263
7646,0.269
7647,0.273
7648,0.285
7649,1.957
7650,1.978
7651,2.02
7652,2.242
7653,2.024
7654,1.997
7655,1.999
7656,2.004
7657,1.889
7658,1.845
7659,1.842
7660,1.848
7661,1.842
7662,1.849
7663,1.854
7664,1.871
7665,1.133
7666,0.3
7667,0.303
7668,0.29
7669,0.301
7670,0.299
7671,0.296
7672,0.467
7673,2.145
7674,1.978
7675,2.018
7676,2.123
7677,2.032
7678,2.001
7679,1.98
7680,1.987
7681,1.973
7682,1.972
7683,2
7684,1.994
7685,1.962
7686,1.828
7687,1.831
7688,1.864
7689,1.009
7690,0.286
7691,0.297
7692,0.271
7693,0.28
7694,0.306
7695,0.29
7696,0.414
7697,2.309
7698,1.831
7699,1.814
7700,1.946
7701,2.327
7702,2.001
7703,1.971
7704,1.982
7705,1.972
7706,1.966
7707,1.979
7708,1.971
7709,1.964
7710,1.956
7711,1.886
7712,1.823
7713,1.182
7714,0.302
7715,0.301
7716,0.371
7717,0.609
7718,1.422
7719,0.442
7720,0.336
7721,1.864
7722,2.049
7723,2.119
7724,2.063
7725,2.001
7726,2
7727,2.003
7728,1.996
7729,1.995
7730,1.999
7731,1.999
7732,2.004
7733,1.883
7734,1.85
7735,1.833
7736,1.842
7737,0.992
7738,0.315
7739,0.309
7740,0.313
7741,0.315
7742,0.328
7743,0.335
7744,0.685
7745,1.846
7746,1.843
7747,1.81
7748,1.87
7749,1.908
7750,1.855
7751,1.831
7752,1.833
7753,1.829
7754,1.82
7755,1.826
7756,1.839
7757,1.831
7758,1.825
7759,1.852
7760,1.878
7761,1.011
7762,0.279
7763,0.289
7764,0.369
7765,0.362
7766,0.294
7767,0.3
7768,0.3
7769,2.076
7770,1.889
7771,2.078
7772,2.006
7773,1.994
7774,1.979
7775,1.997
7776,2
7777,1.968
7778,1.977
7779,1.967
7780,1.976
7781,1.891
7782,1.806
7783,1.849
7784,1.846
7785,1.22
7786,0.286
7787,0.283
7788,0.296
7789,0.335
7790,0.295
7791,0.307
7792,0.593
7793,1.883
7794,1.825
7795,1.825
7796,1.838
7797,1.841
7798,1.838
7799,1.83
7800,1.861
7801,1.797
7802,1.814
7803,1.788
7804,1.787
7805,1.785
7806,1.78
7807,1.793
7808,1.863
7809,1.815
7810,0.278
7811,0.289
7812,0.289
7813,0.302
7814,0.283
7815,0.716
7816,1.922
7817,1.886
7818,1.793
7819,1.825
7820,1.878
7821,1.881
7822,1.881
7823,1.892
7824,1.888
7825,1.879
7826,1.887
7827,1.883
7828,1.89
7829,1.877
7830,1.879
7831,1.888
7832,1.913
7833,0.982
7834,0.376
7835,0.381
7836,0.415
7837,0.43
7838,0.376
7839,0.411
7840,0.48
7841,2.345
7842,1.889
7843,2.01
7844,1.896
7845,1.896
7846,1.911
7847,1.883
7848,1.866
7849,1.868
7850,1.869
7851,1.871
7852,1.88
7853,1.873
7854,1.866
7855,1.881
7856,1.91
7857,1.445
7858,0.378
7859,0.38
7860,0.381
7861,0.423
7862,0.386
7863,0.385
7864,0.632
7865,1.99
7866,1.968
7867,1.882
7868,1.878
7869,1.877
7870,1.866
7871,1.9
7872,1.882
7873,1.859
7874,1.88
7875,1.885
7876,1.886
7877,1.884
7878,1.876
7879,1.884
7880,1.936
7881,1.133
7882,0.428
7883,0.427
7884,0.428
7885,0.428
7886,0.427
7887,0.446
7888,0.501
7889,1.928
7890,1.879
7891,1.897
7892,1.9
7893,1.887
7894,1.87
7895,1.899
7896,1.887
7897,1.881
7898,1.889
7899,1.892
7900,1.856
7901,1.859
7902,1.856
7903,1.865
7904,1.885
7905,1.06
7906,0.373
7907,0.372
7908,0.38
7909,0.393
7910,0.438
7911,0.45
7912,0.566
7913,1.912
7914,1.887
7915,1.893
7916,1.884
7917,1.908
7918,1.892
7919,1.878
7920,1.863
7921,1.863
7922,1.869
7923,1.89
7924,1.877
7925,1.876
7926,1.874
7927,1.897
7928,1.928
7929,1.152
7930,0.385
7931,0.32
7932,0.312
7933,0.297
7934,0.281
7935,0.29
7936,0.491
7937,1.998
7938,1.908
7939,1.812
7940,1.802
7941,1.802
7942,1.781
7943,1.777
7944,1.804
7945,1.785
7946,1.801
7947,1.786
7948,1.8
7949,1.777
7950,1.801
7951,1.799
7952,1.823
7953,1.121
7954,0.296
7955,0.279
7956,0.302
7957,0.368
7958,0.6
7959,0.477
7960,1.438
7961,2.127
7962,1.923
7963,1.808
7964,1.798
7965,1.814
7966,1.815
7967,1.809
7968,1.79
7969,1.783
7970,1.791
7971,1.794
7972,1.781
7973,1.794
7974,1.813
7975,1.799
7976,1.832
7977,1.465
7978,0.294
7979,0.298
7980,0.291
7981,0.342
7982,0.329
7983,0.307
7984,0.722
7985,1.843
7986,1.833
7987,1.961
7988,2.313
7989,2.118
7990,1.943
7991,1.974
7992,1.955
7993,1.951
7994,1.977
7995,1.878
7996,1.794
7997,1.782
7998,1.799
7999,1.813
8000,1.817
8001,1.048
8002,0.307
8003,0.29
8004,0.319
8005,0.397
8006,0.499
8007,0.46
8008,0.465
8009,2.131
8010,2.258
8011,1.978
8012,1.969
8013,2.02
8014,2.262
8015,1.993
8016,1.787
8017,1.791
8018,1.792
8019,1.803
8020,1.814
8021,1.805
8022,1.815
8023,1.806
8024,1.827
8025,1.204
8026,0.311
8027,0.437
8028,0.451
8029,0.33
8030,0.28
8031,0.307
8032,0.425
8033,1.808
8034,1.868
8035,1.986
8036,1.873
8037,1.793
8038,1.813
8039,1.798
8040,1.95
8041,1.97
8042,1.962
8043,1.953
8044,1.944
8045,1.94
8046,1.943
8047,1.931
8048,1.963
8049,1.807
8050,0.418
8051,0.396
8052,0.297
8053,0.294
8054,0.312
8055,0.326
8056,0.628
8057,2.045
8058,2.03
8059,2.015
8060,1.966
8061,2.273
8062,2.009
8063,1.933
8064,1.907
8065,1.78
8066,1.774
8067,1.759
8068,1.782
8069,1.783
8070,1.783
8071,1.786
8072,1.786
8073,1.205
8074,0.286
8075,0.289
8076,0.289
8077,0.292
8078,0.3
8079,0.37
8080,0.328
8081,1.828
8082,1.818
8083,1.889
8084,2.232
8085,2.138
8086,1.986
8087,1.973
8088,1.968
8089,1.959
8090,1.964
8091,1.961
8092,1.883
8093,1.788
8094,1.789
8095,1.801
8096,1.817
8097,1.728
8098,0.303
8099,0.335
8100,0.331
8101,0.349
8102,0.294
8103,0.299
8104,0.605
8105,1.953
8106,1.81
8107,1.837
8108,1.792
8109,1.803
8110,1.808
8111,1.782
8112,1.785
8113,1.768
8114,1.782
8115,1.788
8116,1.792
8117,1.795
8118,1.799
8119,1.799
8120,1.827
8121,1.354
8122,0.275
8123,0.272
8124,0.332
8125,0.376
8126,0.284
8127,0.294
8128,0.572
8129,1.804
8130,1.769
8131,1.761
8132,1.809
8133,1.78
8134,1.793
8135,1.794
8136,1.788
8137,1.788
8138,1.811
8139,1.804
8140,1.811
8141,1.8
8142,1.809
8143,1.79
8144,1.833
8145,1.595
8146,0.281
8147,0.311
8148,0.276
8149,0.345
8150,0.275
8151,0.272
8152,0.681
8153,1.851
8154,1.836
8155,1.816
8156,1.869
8157,1.832
8158,1.836
8159,1.836
8160,1.841
8161,1.839
8162,1.843
8163,1.821
8164,1.847
8165,1.853
8166,1.839
8167,1.833
8168,1.843
8169,1.699
8170,0.27
8171,0.275
8172,0.28
8173,0.354
8174,0.284
8175,0.281
8176,0.508
8177,2.127
8178,1.856
8179,1.832
8180,1.834
8181,1.846
8182,1.841
8183,1.843
8184,1.853
8185,1.824
8186,1.819
8187,1.832
8188,1.825
8189,1.842
8190,1.838
8191,1.832
8192,1.862
8193,1.852
8194,0.272
8195,0.28
8196,0.291
8197,0.292
8198,0.28
8199,0.283
8200,0.849
8201,1.832
8202,1.856
8203,1.842
8204,1.867
8205,1.839
8206,1.831
8207,1.844
8208,1.83
8209,1.841
8210,1.821
8211,1.83
8212,1.836
8213,1.832
8214,1.824
8215,1.822
8216,1.815
8217,1.801
8218,0.312
8219,0.286
8220,0.28
8221,0.285
8222,0.281
8223,0.294
8224,0.839
8225,1.836
8226,1.85
8227,1.85
8228,1.852
8229,1.867
8230,1.809
8231,1.83
8232,1.828
8233,1.817
8234,1.816
8235,1.821
8236,1.835
8237,1.81
8238,1.814
8239,1.816
8240,1.826
8241,1.803
8242,0.275
8243,0.295
8244,0.295
8245,0.283
8246,0.292
8247,0.281
8248,0.867
8249,1.849
8250,1.821
8251,1.826
8252,1.851
8253,2.028
8254,1.867
8255,1.845
8256,1.854
8257,1.845
8258,1.845
8259,1.848
8260,1.837
8261,1.776
8262,1.831
8263,1.842
8264,1.881
8265,1.848
8266,0.468
8267,0.435333333
8268,0.402666667
8269,0.37
8270,0.639
8271,0.289
8272,1.091
8273,2.09
8274,1.972
8275,1.856
8276,2.197
8277,2.303
8278,2.009
8279,2.041
8280,2.028
8281,2.006
8282,1.997
8283,1.996
8284,2.025
8285,2.011
8286,2.01
8287,1.9
8288,1.873
8289,1.84
8290,0.332
8291,0.313
8292,0.294
8293,0.308
8294,0.289
8295,0.337
8296,1.477
8297,1.877
8298,1.862
8299,1.856
8300,1.979
8301,2.006
8302,1.982
8303,1.984
8304,1.991
8305,1.989
8306,1.991
8307,1.994
8308,1.995
8309,1.985
8310,1.989
8311,1.935
8312,1.852
8313,1.84
8314,0.784
8315,0.295
8316,0.282
8317,0.948
8318,0.999
8319,0.306
8320,1.627
8321,1.865
8322,1.832
8323,1.867
8324,1.945
8325,1.878
8326,1.817
8327,1.816
8328,1.848
8329,1.827
8330,1.839
8331,1.83
8332,1.84
8333,1.832
8334,1.833
8335,1.819
8336,1.828
8337,1.835
8338,0.414
8339,0.276
8340,0.276
8341,0.287
8342,0.286
8343,0.293
8344,1.771
8345,2.139
8346,1.851
8347,1.829
8348,1.827
8349,1.847
8350,1.846
8351,1.86
8352,1.853
8353,1.839
8354,1.825
8355,1.831
8356,1.826
8357,1.83
8358,1.826
8359,1.828
8360,1.848
8361,1.846
8362,0.273
8363,0.312
8364,0.281
8365,0.297
8366,0.332
8367,0.295
8368,1.018
8369,1.865
8370,1.825
8371,1.827
8372,1.835
8373,1.838
8374,1.843
8375,1.828
8376,1.828
8377,1.824
8378,1.817
8379,1.825
8380,1.827
8381,1.819
8382,1.824
8383,1.824
8384,1.82
8385,1.193
8386,0.554
8387,0.554
8388,0.554
8389,0.554
8390,0.554
8391,0.755
8392,1.866
8393,1.919
8394,1.843
8395,1.825
8396,1.855
8397,1.85
8398,1.873
8399,1.853
8400,1.832
8401,1.839
8402,1.833
8403,1.836
8404,1.846
8405,1.841
8406,1.831
8407,1.82
8408,1.838
8409,1.83
8410,1.748
8411,0.371
8412,0.278
8413,0.286
8414,0.291
8415,0.992
8416,1.784
8417,1.838
8418,1.861
8419,1.853
8420,1.852
8421,1.877
8422,1.832
8423,1.837
8424,1.824
8425,1.838
8426,1.836
8427,1.829
8428,1.828
8429,1.816
8430,1.819
8431,1.84
8432,1.856
8433,1.84
8434,0.435
8435,0.286
8436,0.317
8437,0.303
8438,0.277
8439,0.271
8440,1.715
8441,2.002
8442,1.83
8443,1.845
8444,2.051
8445,2.019
8446,2.016
8447,2
8448,2.001
8449,2.001
8450,2.001
8451,1.997
8452,1.988
8453,1.988
8454,1.952
8455,1.842
8456,1.833
8457,1.832
8458,0.388
8459,0.259
8460,0.27
8461,0.262
8462,0.279
8463,0.274
8464,0.863
8465,2.011
8466,1.826
8467,1.842
8468,1.806
8469,1.81
8470,1.808
8471,1.8
8472,1.813
8473,1.81
8474,1.8
8475,1.776
8476,1.8
8477,1.797
8478,1.788
8479,1.799
8480,1.821
8481,1.812
8482,0.275
8483,0.331
8484,1.283
8485,1.392
8486,1.334
8487,1.392
8488,1.957
8489,2.925
8490,2.817
8491,2.826
8492,1.944
8493,1.814
8494,1.805
8495,1.811
8496,1.808
8497,1.802
8498,1.816
8499,1.815
8500,1.795
8501,1.785
8502,1.784
8503,1.792
8504,1.817
8505,1.824
8506,0.722
8507,0.306
8508,0.302
8509,0.272
8510,0.273
8511,0.282
8512,0.953
8513,2.168
8514,1.841
8515,1.839
8516,1.804
8517,1.806
8518,1.812
8519,1.814
8520,1.81
8521,1.818
8522,1.817
8523,1.823
8524,1.794
8525,1.788
8526,1.797
8527,1.794
8528,1.79
8529,1.822
8530,0.28
8531,0.341
8532,0.288
8533,0.304
8534,0.291
8535,0.306
8536,0.672
8537,1.842
8538,1.804
8539,1.802
8540,1.799
8541,1.798
8542,1.788
8543,1.805
8544,1.798
8545,1.799
8546,1.806
8547,1.807
8548,1.801
8549,1.779
8550,1.782
8551,1.777
8552,1.8
8553,1.745
8554,0.261
8555,0.278
8556,0.282
8557,0.314
8558,0.425
8559,0.283
8560,0.489
8561,1.832
8562,1.809
8563,1.81
8564,1.808
8565,1.802
8566,1.784
8567,1.78
8568,1.804
8569,1.79
8570,1.787
8571,1.801
8572,1.811
8573,1.804
8574,1.803
8575,1.799
8576,1.812
8577,1.797
8578,0.268
8579,0.28
8580,0.273
8581,0.287
8582,0.287
8583,0.287
8584,0.724
8585,1.819
8586,1.784
8587,1.796
8588,1.815
8589,1.822
8590,1.8
8591,1.824
8592,1.801
8593,1.793
8594,1.804
8595,1.802
8596,1.791
8597,1.796
8598,1.792
8599,1.793
8600,1.788
8601,1.775
8602,0.439
8603,0.271
8604,0.278
8605,0.274
8606,0.28
8607,0.275
8608,1.042
8609,1.81
8610,1.96
8611,2.187
8612,2.058
8613,1.97
8614,2.168
8615,2.316
8616,2.327
8617,2.146
8618,1.804
8619,1.802
8620,1.805
8621,1.8
8622,1.792
8623,1.787
8624,1.816
8625,1.811
8626,0.387
8627,0.274
8628,0.282
8629,0.272
8630,0.273
8631,0.287
8632,0.664
8633,1.814
8634,1.818
8635,1.816
8636,2.077
8637,2.208
8638,1.961
8639,1.952
8640,1.949
8641,1.981
8642,1.969
8643,1.972
8644,1.966
8645,1.957
8646,1.984
8647,1.823
8648,1.808
8649,1.808
8650,0.318
8651,0.268
8652,0.299
8653,1.081
8654,0.292
8655,0.296
8656,1.012
8657,1.829
8658,1.907
8659,2.178
8660,2.113
8661,2.177
8662,1.942
8663,1.934
8664,1.937
8665,1.956
8666,1.945
8667,1.957
8668,1.959
8669,1.735
8670,1.707
8671,1.679
8672,1.724
8673,1.704
8674,0.332
8675,0.276
8676,0.824
8677,1.062
8678,0.597
8679,0.464
8680,1.424
8681,1.912
8682,1.873
8683,1.904
8684,1.869
8685,1.942
8686,1.947
8687,1.901
8688,1.849
8689,1.853
8690,1.857
8691,1.764
8692,1.712
8693,1.715
8694,1.719
8695,1.699
8696,1.702
8697,1.716
8698,0.828
8699,0.283
8700,0.273
8701,0.284
8702,0.286
8703,0.364
8704,1.673
8705,1.756
8706,1.86
8707,1.754
8708,1.684
8709,1.709
8710,2.06
8711,1.851
8712,1.851
8713,1.851
8714,1.853
8715,1.851
8716,1.859
8717,1.855
8718,1.852
8719,1.85
8720,1.818
8721,1.698
8722,0.271
8723,0.275
8724,0.277
8725,0.276
8726,0.267
8727,0.336
8728,1.141
8729,1.851
8730,1.871
8731,1.839
8732,1.856
8733,1.887
8734,1.845
8735,1.873
8736,1.876
8737,1.843
8738,1.785
8739,1.69
8740,1.692
8741,1.691
8742,1.698
8743,1.686
8744,1.714
8745,1.71
8746,0.821
8747,0.266
8748,0.269
8749,0.287
8750,0.269
8751,0.458
8752,1.382
8753,1.866
8754,1.863
8755,1.884
8756,1.877
8757,1.988
8758,1.881
8759,1.876
8760,1.878
